abayojumumichael/fullhouse-engine	main	2026-05-24T20:04:02Z	0	0	https://github.com/abayojumumichael/fullhouse-engine
MatusGib/fullhouse-engine	main	2026-05-28T21:58:34Z	0	0	https://github.com/MatusGib/fullhouse-engine
study9372/fullhouse-engine	main	2026-05-24T20:04:02Z	0	0	https://github.com/study9372/fullhouse-engine
Benjamin-Yu-Sheng-Chang/fullhouse-hackathon	main	2026-05-28T14:39:04Z	0	0	https://github.com/Benjamin-Yu-Sheng-Chang/fullhouse-hackathon
Mehedi-dev-2404/fullhouse-engine	main	2026-05-27T23:44:07Z	0	0	https://github.com/Mehedi-dev-2404/fullhouse-engine
RemiSeg/fullhouse-engine	main	2026-05-24T20:04:02Z	0	0	https://github.com/RemiSeg/fullhouse-engine
ds726/fullhouse-engine	main	2026-05-24T20:04:02Z	0	0	https://github.com/ds726/fullhouse-engine
Amine0411/fullhouse-engine	main	2026-05-24T20:04:02Z	0	0	https://github.com/Amine0411/fullhouse-engine
NovaIMario/fullhouse-engine	main	2026-05-24T20:04:02Z	0	0	https://github.com/NovaIMario/fullhouse-engine
Con-TI/fullhouse-engine	main	2026-05-25T18:17:42Z	0	0	https://github.com/Con-TI/fullhouse-engine
afinner/fullhouse-engine	main	2026-05-24T20:04:02Z	0	0	https://github.com/afinner/fullhouse-engine
Yutongzhang20080108/fullhouse-engine	main	2026-05-24T20:04:02Z	0	0	https://github.com/Yutongzhang20080108/fullhouse-engine
lucashsu007-create/fullhouse-engine	main	2026-05-26T16:15:41Z	0	0	https://github.com/lucashsu007-create/fullhouse-engine
Ganto23/fullhouse-engine	main	2026-05-21T21:46:41Z	0	0	https://github.com/Ganto23/fullhouse-engine
BouillieAnonymous/fullhouse-engine	main	2026-05-21T21:46:41Z	0	0	https://github.com/BouillieAnonymous/fullhouse-engine
famadeo/fullhouse-engine	main	2026-05-22T18:04:14Z	0	0	https://github.com/famadeo/fullhouse-engine
sundubu04/fullhouse-engine	main	2026-05-19T21:17:35Z	0	0	https://github.com/sundubu04/fullhouse-engine
jickzx/fullhouse-engine	main	2026-05-19T13:55:30Z	0	0	https://github.com/jickzx/fullhouse-engine
AyushGupta05/fullhouse-engine	main	2026-05-14T12:20:27Z	0	0	https://github.com/AyushGupta05/fullhouse-engine
chunyang-w/fullhouse-engine	main	2026-05-14T12:20:27Z	0	0	https://github.com/chunyang-w/fullhouse-engine
navaneetham-aicomputing/fullhouse-engine	main	2026-05-14T12:20:27Z	0	0	https://github.com/navaneetham-aicomputing/fullhouse-engine
stoppedtime24/fullhouse-engine	main	2026-05-28T21:58:10Z	0	0	https://github.com/stoppedtime24/fullhouse-engine
Linglingletsgo/fullhouse-engine	main	2026-05-15T12:03:28Z	0	0	https://github.com/Linglingletsgo/fullhouse-engine
krishypatel2007/fullhouse-engine	main	2026-05-14T12:20:27Z	0	0	https://github.com/krishypatel2007/fullhouse-engine
vladimirfilip/fullhouse-engine	main	2026-05-28T22:37:32Z	0	0	https://github.com/vladimirfilip/fullhouse-engine
rishabhkarwal/fullhouse	main	2026-05-07T19:22:11Z	0	0	https://github.com/rishabhkarwal/fullhouse
aemilani/fullhouse-engine	main	2026-05-07T19:22:11Z	0	0	https://github.com/aemilani/fullhouse-engine
Littleguygabe/fullhouse-poker	main	2026-05-22T08:06:32Z	0	0	https://github.com/Littleguygabe/fullhouse-poker
agrawalneel25/fullhouse-engine	main	2026-05-12T16:52:28Z	0	0	https://github.com/agrawalneel25/fullhouse-engine
Blessing-Emmanuel/fullhouse-engine	main	2026-05-07T19:22:11Z	0	0	https://github.com/Blessing-Emmanuel/fullhouse-engine
