opponent,seed,orientation,hand_num,hand_id,hero_delta,street,pot,community_cards,showdown,hero_cards,hand_strength,action_log_tail
overfold_exploiter,2026060702,1,5,deployed_overfold_exploiter_s2026060702_o1_h0005,-2786,river,5572,Td Jc 3s 7s 7d,True,Kc Tc,Two Pair,"[{""action"": ""small_blind"", ""amount"": 50, ""seat"": 1}, {""action"": ""big_blind"", ""amount"": 100, ""seat"": 0}, {""action"": ""raise"", ""amount"": 250, ""seat"": 1}, {""action"": ""call"", ""amount"": 150, ""seat"": 0}, {""action"": ""raise"", ""amount"": 310, ""seat"": 0}, {""action"": ""call"", ""amount"": 310, ""seat"": 1}, {""action"": ""raise"", ""amount"": 806, ""seat"": 0}, {""action"": ""call"", ""amount"": 806, ""seat"": 1}, {""action"": ""raise"", ""amount"": 1420, ""seat"": 0}, {""action"": ""call"", ""amount"": 1420, ""seat"": 1}]"
overfold_exploiter,2026060701,0,60,deployed_overfold_exploiter_s2026060701_o0_h0060,-1366,river,4152,4s Qs 6s 6h 2s,False,,,"[{""action"": ""small_blind"", ""amount"": 50, ""seat"": 0}, {""action"": ""big_blind"", ""amount"": 100, ""seat"": 1}, {""action"": ""raise"", ""amount"": 250, ""seat"": 0}, {""action"": ""call"", ""amount"": 150, ""seat"": 1}, {""action"": ""raise"", ""amount"": 310, ""seat"": 1}, {""action"": ""call"", ""amount"": 310, ""seat"": 0}, {""action"": ""raise"", ""amount"": 806, ""seat"": 1}, {""action"": ""call"", ""amount"": 806, ""seat"": 0}, {""action"": ""raise"", ""amount"": 1420, ""seat"": 1}, {""action"": ""fold"", ""amount"": 0, ""seat"": 0}]"
overfold_exploiter,2026060701,0,98,deployed_overfold_exploiter_s2026060701_o0_h0098,-1366,river,2732,4d 9s Kc 5h Ac,True,3h 3s,Pair,"[{""action"": ""small_blind"", ""amount"": 50, ""seat"": 0}, {""action"": ""big_blind"", ""amount"": 100, ""seat"": 1}, {""action"": ""raise"", ""amount"": 250, ""seat"": 0}, {""action"": ""call"", ""amount"": 150, ""seat"": 1}, {""action"": ""raise"", ""amount"": 310, ""seat"": 1}, {""action"": ""call"", ""amount"": 310, ""seat"": 0}, {""action"": ""raise"", ""amount"": 806, ""seat"": 1}, {""action"": ""call"", ""amount"": 806, ""seat"": 0}, {""action"": ""check"", ""amount"": 0, ""seat"": 1}, {""action"": ""check"", ""amount"": 0, ""seat"": 0}]"
overfold_exploiter,2026060701,0,26,deployed_overfold_exploiter_s2026060701_o0_h0026,-560,turn,1926,Kh 7h Td 3c,False,,,"[{""action"": ""small_blind"", ""amount"": 50, ""seat"": 0}, {""action"": ""big_blind"", ""amount"": 100, ""seat"": 1}, {""action"": ""raise"", ""amount"": 250, ""seat"": 0}, {""action"": ""call"", ""amount"": 150, ""seat"": 1}, {""action"": ""raise"", ""amount"": 310, ""seat"": 1}, {""action"": ""call"", ""amount"": 310, ""seat"": 0}, {""action"": ""raise"", ""amount"": 806, ""seat"": 1}, {""action"": ""fold"", ""amount"": 0, ""seat"": 0}]"
overfold_exploiter,2026060701,1,87,deployed_overfold_exploiter_s2026060701_o1_h0087,-560,turn,1926,Js 8h Jc Jd,False,,,"[{""action"": ""small_blind"", ""amount"": 50, ""seat"": 1}, {""action"": ""big_blind"", ""amount"": 100, ""seat"": 0}, {""action"": ""raise"", ""amount"": 250, ""seat"": 1}, {""action"": ""call"", ""amount"": 150, ""seat"": 0}, {""action"": ""raise"", ""amount"": 310, ""seat"": 0}, {""action"": ""call"", ""amount"": 310, ""seat"": 1}, {""action"": ""raise"", ""amount"": 806, ""seat"": 0}, {""action"": ""fold"", ""amount"": 0, ""seat"": 1}]"
overfold_exploiter,2026060702,0,98,deployed_overfold_exploiter_s2026060702_o0_h0098,-560,turn,1926,Qc 4d 9c Qs,False,,,"[{""action"": ""small_blind"", ""amount"": 50, ""seat"": 0}, {""action"": ""big_blind"", ""amount"": 100, ""seat"": 1}, {""action"": ""raise"", ""amount"": 250, ""seat"": 0}, {""action"": ""call"", ""amount"": 150, ""seat"": 1}, {""action"": ""raise"", ""amount"": 310, ""seat"": 1}, {""action"": ""call"", ""amount"": 310, ""seat"": 0}, {""action"": ""raise"", ""amount"": 806, ""seat"": 1}, {""action"": ""fold"", ""amount"": 0, ""seat"": 0}]"
overfold_exploiter,2026060702,1,45,deployed_overfold_exploiter_s2026060702_o1_h0045,-560,turn,1926,2h 8h 7h 7s,False,,,"[{""action"": ""small_blind"", ""amount"": 50, ""seat"": 1}, {""action"": ""big_blind"", ""amount"": 100, ""seat"": 0}, {""action"": ""raise"", ""amount"": 250, ""seat"": 1}, {""action"": ""call"", ""amount"": 150, ""seat"": 0}, {""action"": ""raise"", ""amount"": 310, ""seat"": 0}, {""action"": ""call"", ""amount"": 310, ""seat"": 1}, {""action"": ""raise"", ""amount"": 806, ""seat"": 0}, {""action"": ""fold"", ""amount"": 0, ""seat"": 1}]"
overfold_exploiter,2026060701,1,86,deployed_overfold_exploiter_s2026060701_o1_h0086,-500,flop,1620,Ts 6s Js,False,,,"[{""action"": ""small_blind"", ""amount"": 50, ""seat"": 0}, {""action"": ""big_blind"", ""amount"": 100, ""seat"": 1}, {""action"": ""call"", ""amount"": 50, ""seat"": 0}, {""action"": ""raise"", ""amount"": 500, ""seat"": 1}, {""action"": ""call"", ""amount"": 400, ""seat"": 0}, {""action"": ""check"", ""amount"": 0, ""seat"": 1}, {""action"": ""raise"", ""amount"": 620, ""seat"": 0}, {""action"": ""fold"", ""amount"": 0, ""seat"": 1}]"
overfold_exploiter,2026060701,0,10,deployed_overfold_exploiter_s2026060701_o0_h0010,-250,flop,810,8c 5h Jd,False,,,"[{""action"": ""small_blind"", ""amount"": 50, ""seat"": 0}, {""action"": ""big_blind"", ""amount"": 100, ""seat"": 1}, {""action"": ""raise"", ""amount"": 250, ""seat"": 0}, {""action"": ""call"", ""amount"": 150, ""seat"": 1}, {""action"": ""raise"", ""amount"": 310, ""seat"": 1}, {""action"": ""fold"", ""amount"": 0, ""seat"": 0}]"
overfold_exploiter,2026060701,0,22,deployed_overfold_exploiter_s2026060701_o0_h0022,-250,flop,810,Qc Ts 5d,False,,,"[{""action"": ""small_blind"", ""amount"": 50, ""seat"": 0}, {""action"": ""big_blind"", ""amount"": 100, ""seat"": 1}, {""action"": ""raise"", ""amount"": 250, ""seat"": 0}, {""action"": ""call"", ""amount"": 150, ""seat"": 1}, {""action"": ""raise"", ""amount"": 310, ""seat"": 1}, {""action"": ""fold"", ""amount"": 0, ""seat"": 0}]"
overfold_exploiter,2026060701,0,28,deployed_overfold_exploiter_s2026060701_o0_h0028,-250,flop,810,7c 4d Th,False,,,"[{""action"": ""small_blind"", ""amount"": 50, ""seat"": 0}, {""action"": ""big_blind"", ""amount"": 100, ""seat"": 1}, {""action"": ""raise"", ""amount"": 250, ""seat"": 0}, {""action"": ""call"", ""amount"": 150, ""seat"": 1}, {""action"": ""raise"", ""amount"": 310, ""seat"": 1}, {""action"": ""fold"", ""amount"": 0, ""seat"": 0}]"
overfold_exploiter,2026060701,0,40,deployed_overfold_exploiter_s2026060701_o0_h0040,-250,flop,810,5s 5c Td,False,,,"[{""action"": ""small_blind"", ""amount"": 50, ""seat"": 0}, {""action"": ""big_blind"", ""amount"": 100, ""seat"": 1}, {""action"": ""raise"", ""amount"": 250, ""seat"": 0}, {""action"": ""call"", ""amount"": 150, ""seat"": 1}, {""action"": ""raise"", ""amount"": 310, ""seat"": 1}, {""action"": ""fold"", ""amount"": 0, ""seat"": 0}]"
overfold_exploiter,2026060701,0,50,deployed_overfold_exploiter_s2026060701_o0_h0050,-250,flop,810,9s Qd 7s,False,,,"[{""action"": ""small_blind"", ""amount"": 50, ""seat"": 0}, {""action"": ""big_blind"", ""amount"": 100, ""seat"": 1}, {""action"": ""raise"", ""amount"": 250, ""seat"": 0}, {""action"": ""call"", ""amount"": 150, ""seat"": 1}, {""action"": ""raise"", ""amount"": 310, ""seat"": 1}, {""action"": ""fold"", ""amount"": 0, ""seat"": 0}]"
overfold_exploiter,2026060701,0,92,deployed_overfold_exploiter_s2026060701_o0_h0092,-250,flop,810,2s 2d 3s,False,,,"[{""action"": ""small_blind"", ""amount"": 50, ""seat"": 0}, {""action"": ""big_blind"", ""amount"": 100, ""seat"": 1}, {""action"": ""raise"", ""amount"": 250, ""seat"": 0}, {""action"": ""call"", ""amount"": 150, ""seat"": 1}, {""action"": ""raise"", ""amount"": 310, ""seat"": 1}, {""action"": ""fold"", ""amount"": 0, ""seat"": 0}]"
overfold_exploiter,2026060701,0,94,deployed_overfold_exploiter_s2026060701_o0_h0094,-250,flop,810,3h 4s Ad,False,,,"[{""action"": ""small_blind"", ""amount"": 50, ""seat"": 0}, {""action"": ""big_blind"", ""amount"": 100, ""seat"": 1}, {""action"": ""raise"", ""amount"": 250, ""seat"": 0}, {""action"": ""call"", ""amount"": 150, ""seat"": 1}, {""action"": ""raise"", ""amount"": 310, ""seat"": 1}, {""action"": ""fold"", ""amount"": 0, ""seat"": 0}]"
overfold_exploiter,2026060701,1,1,deployed_overfold_exploiter_s2026060701_o1_h0001,-250,flop,810,3c 4d 2s,False,,,"[{""action"": ""small_blind"", ""amount"": 50, ""seat"": 1}, {""action"": ""big_blind"", ""amount"": 100, ""seat"": 0}, {""action"": ""raise"", ""amount"": 250, ""seat"": 1}, {""action"": ""call"", ""amount"": 150, ""seat"": 0}, {""action"": ""raise"", ""amount"": 310, ""seat"": 0}, {""action"": ""fold"", ""amount"": 0, ""seat"": 1}]"
overfold_exploiter,2026060701,1,41,deployed_overfold_exploiter_s2026060701_o1_h0041,-250,flop,810,8h 5c 7c,False,,,"[{""action"": ""small_blind"", ""amount"": 50, ""seat"": 1}, {""action"": ""big_blind"", ""amount"": 100, ""seat"": 0}, {""action"": ""raise"", ""amount"": 250, ""seat"": 1}, {""action"": ""call"", ""amount"": 150, ""seat"": 0}, {""action"": ""raise"", ""amount"": 310, ""seat"": 0}, {""action"": ""fold"", ""amount"": 0, ""seat"": 1}]"
overfold_exploiter,2026060701,1,45,deployed_overfold_exploiter_s2026060701_o1_h0045,-250,flop,810,3h Qc Ts,False,,,"[{""action"": ""small_blind"", ""amount"": 50, ""seat"": 1}, {""action"": ""big_blind"", ""amount"": 100, ""seat"": 0}, {""action"": ""raise"", ""amount"": 250, ""seat"": 1}, {""action"": ""call"", ""amount"": 150, ""seat"": 0}, {""action"": ""raise"", ""amount"": 310, ""seat"": 0}, {""action"": ""fold"", ""amount"": 0, ""seat"": 1}]"
overfold_exploiter,2026060701,1,53,deployed_overfold_exploiter_s2026060701_o1_h0053,-250,preflop,797,,False,,,"[{""action"": ""small_blind"", ""amount"": 50, ""seat"": 1}, {""action"": ""big_blind"", ""amount"": 100, ""seat"": 0}, {""action"": ""raise"", ""amount"": 250, ""seat"": 1}, {""action"": ""raise"", ""amount"": 547, ""seat"": 0}, {""action"": ""fold"", ""amount"": 0, ""seat"": 1}]"
overfold_exploiter,2026060701,1,79,deployed_overfold_exploiter_s2026060701_o1_h0079,-250,preflop,797,,False,,,"[{""action"": ""small_blind"", ""amount"": 50, ""seat"": 1}, {""action"": ""big_blind"", ""amount"": 100, ""seat"": 0}, {""action"": ""raise"", ""amount"": 250, ""seat"": 1}, {""action"": ""raise"", ""amount"": 547, ""seat"": 0}, {""action"": ""fold"", ""amount"": 0, ""seat"": 1}]"
overfold_exploiter,2026060701,1,91,deployed_overfold_exploiter_s2026060701_o1_h0091,-250,preflop,797,,False,,,"[{""action"": ""small_blind"", ""amount"": 50, ""seat"": 1}, {""action"": ""big_blind"", ""amount"": 100, ""seat"": 0}, {""action"": ""raise"", ""amount"": 250, ""seat"": 1}, {""action"": ""raise"", ""amount"": 547, ""seat"": 0}, {""action"": ""fold"", ""amount"": 0, ""seat"": 1}]"
overfold_exploiter,2026060701,1,95,deployed_overfold_exploiter_s2026060701_o1_h0095,-250,flop,810,2d 6c 5d,False,,,"[{""action"": ""small_blind"", ""amount"": 50, ""seat"": 1}, {""action"": ""big_blind"", ""amount"": 100, ""seat"": 0}, {""action"": ""raise"", ""amount"": 250, ""seat"": 1}, {""action"": ""call"", ""amount"": 150, ""seat"": 0}, {""action"": ""raise"", ""amount"": 310, ""seat"": 0}, {""action"": ""fold"", ""amount"": 0, ""seat"": 1}]"
overfold_exploiter,2026060701,1,99,deployed_overfold_exploiter_s2026060701_o1_h0099,-250,flop,810,5s As 4h,False,,,"[{""action"": ""small_blind"", ""amount"": 50, ""seat"": 1}, {""action"": ""big_blind"", ""amount"": 100, ""seat"": 0}, {""action"": ""raise"", ""amount"": 250, ""seat"": 1}, {""action"": ""call"", ""amount"": 150, ""seat"": 0}, {""action"": ""raise"", ""amount"": 310, ""seat"": 0}, {""action"": ""fold"", ""amount"": 0, ""seat"": 1}]"
overfold_exploiter,2026060702,0,14,deployed_overfold_exploiter_s2026060702_o0_h0014,-250,flop,810,3d 2d Ac,False,,,"[{""action"": ""small_blind"", ""amount"": 50, ""seat"": 0}, {""action"": ""big_blind"", ""amount"": 100, ""seat"": 1}, {""action"": ""raise"", ""amount"": 250, ""seat"": 0}, {""action"": ""call"", ""amount"": 150, ""seat"": 1}, {""action"": ""raise"", ""amount"": 310, ""seat"": 1}, {""action"": ""fold"", ""amount"": 0, ""seat"": 0}]"
overfold_exploiter,2026060702,0,68,deployed_overfold_exploiter_s2026060702_o0_h0068,-250,flop,810,4s 6c Ad,False,,,"[{""action"": ""small_blind"", ""amount"": 50, ""seat"": 0}, {""action"": ""big_blind"", ""amount"": 100, ""seat"": 1}, {""action"": ""raise"", ""amount"": 250, ""seat"": 0}, {""action"": ""call"", ""amount"": 150, ""seat"": 1}, {""action"": ""raise"", ""amount"": 310, ""seat"": 1}, {""action"": ""fold"", ""amount"": 0, ""seat"": 0}]"
overfold_exploiter,2026060702,0,78,deployed_overfold_exploiter_s2026060702_o0_h0078,-250,flop,810,3d 5h 8s,False,,,"[{""action"": ""small_blind"", ""amount"": 50, ""seat"": 0}, {""action"": ""big_blind"", ""amount"": 100, ""seat"": 1}, {""action"": ""raise"", ""amount"": 250, ""seat"": 0}, {""action"": ""call"", ""amount"": 150, ""seat"": 1}, {""action"": ""raise"", ""amount"": 310, ""seat"": 1}, {""action"": ""fold"", ""amount"": 0, ""seat"": 0}]"
overfold_exploiter,2026060702,0,96,deployed_overfold_exploiter_s2026060702_o0_h0096,-250,flop,810,9s 7s 7h,False,,,"[{""action"": ""small_blind"", ""amount"": 50, ""seat"": 0}, {""action"": ""big_blind"", ""amount"": 100, ""seat"": 1}, {""action"": ""raise"", ""amount"": 250, ""seat"": 0}, {""action"": ""call"", ""amount"": 150, ""seat"": 1}, {""action"": ""raise"", ""amount"": 310, ""seat"": 1}, {""action"": ""fold"", ""amount"": 0, ""seat"": 0}]"
overfold_exploiter,2026060702,1,11,deployed_overfold_exploiter_s2026060702_o1_h0011,-250,preflop,797,,False,,,"[{""action"": ""small_blind"", ""amount"": 50, ""seat"": 1}, {""action"": ""big_blind"", ""amount"": 100, ""seat"": 0}, {""action"": ""raise"", ""amount"": 250, ""seat"": 1}, {""action"": ""raise"", ""amount"": 547, ""seat"": 0}, {""action"": ""fold"", ""amount"": 0, ""seat"": 1}]"
overfold_exploiter,2026060702,1,47,deployed_overfold_exploiter_s2026060702_o1_h0047,-250,flop,810,6s Ad 9s,False,,,"[{""action"": ""small_blind"", ""amount"": 50, ""seat"": 1}, {""action"": ""big_blind"", ""amount"": 100, ""seat"": 0}, {""action"": ""raise"", ""amount"": 250, ""seat"": 1}, {""action"": ""call"", ""amount"": 150, ""seat"": 0}, {""action"": ""raise"", ""amount"": 310, ""seat"": 0}, {""action"": ""fold"", ""amount"": 0, ""seat"": 1}]"
overfold_exploiter,2026060702,1,63,deployed_overfold_exploiter_s2026060702_o1_h0063,-250,flop,810,2c 4s Th,False,,,"[{""action"": ""small_blind"", ""amount"": 50, ""seat"": 1}, {""action"": ""big_blind"", ""amount"": 100, ""seat"": 0}, {""action"": ""raise"", ""amount"": 250, ""seat"": 1}, {""action"": ""call"", ""amount"": 150, ""seat"": 0}, {""action"": ""raise"", ""amount"": 310, ""seat"": 0}, {""action"": ""fold"", ""amount"": 0, ""seat"": 1}]"
overfold_exploiter,2026060702,1,65,deployed_overfold_exploiter_s2026060702_o1_h0065,-250,flop,810,Th 2c Kc,False,,,"[{""action"": ""small_blind"", ""amount"": 50, ""seat"": 1}, {""action"": ""big_blind"", ""amount"": 100, ""seat"": 0}, {""action"": ""raise"", ""amount"": 250, ""seat"": 1}, {""action"": ""call"", ""amount"": 150, ""seat"": 0}, {""action"": ""raise"", ""amount"": 310, ""seat"": 0}, {""action"": ""fold"", ""amount"": 0, ""seat"": 1}]"
overfold_exploiter,2026060701,0,1,deployed_overfold_exploiter_s2026060701_o0_h0001,-224,turn,770,3c 4d 2s 3d,False,,,"[{""action"": ""small_blind"", ""amount"": 50, ""seat"": 1}, {""action"": ""big_blind"", ""amount"": 100, ""seat"": 0}, {""action"": ""call"", ""amount"": 50, ""seat"": 1}, {""action"": ""check"", ""amount"": 0, ""seat"": 0}, {""action"": ""check"", ""amount"": 0, ""seat"": 0}, {""action"": ""raise"", ""amount"": 124, ""seat"": 1}, {""action"": ""call"", ""amount"": 124, ""seat"": 0}, {""action"": ""check"", ""amount"": 0, ""seat"": 0}, {""action"": ""raise"", ""amount"": 322, ""seat"": 1}, {""action"": ""fold"", ""amount"": 0, ""seat"": 0}]"
overfold_exploiter,2026060701,1,88,deployed_overfold_exploiter_s2026060701_o1_h0088,-224,turn,770,4s 7h Qs 7d,False,,,"[{""action"": ""small_blind"", ""amount"": 50, ""seat"": 0}, {""action"": ""big_blind"", ""amount"": 100, ""seat"": 1}, {""action"": ""call"", ""amount"": 50, ""seat"": 0}, {""action"": ""check"", ""amount"": 0, ""seat"": 1}, {""action"": ""check"", ""amount"": 0, ""seat"": 1}, {""action"": ""raise"", ""amount"": 124, ""seat"": 0}, {""action"": ""call"", ""amount"": 124, ""seat"": 1}, {""action"": ""check"", ""amount"": 0, ""seat"": 1}, {""action"": ""raise"", ""amount"": 322, ""seat"": 0}, {""action"": ""fold"", ""amount"": 0, ""seat"": 1}]"
overfold_exploiter,2026060702,0,97,deployed_overfold_exploiter_s2026060702_o0_h0097,-224,turn,770,6d 2s 8d 2h,False,,,"[{""action"": ""small_blind"", ""amount"": 50, ""seat"": 1}, {""action"": ""big_blind"", ""amount"": 100, ""seat"": 0}, {""action"": ""call"", ""amount"": 50, ""seat"": 1}, {""action"": ""check"", ""amount"": 0, ""seat"": 0}, {""action"": ""check"", ""amount"": 0, ""seat"": 0}, {""action"": ""raise"", ""amount"": 124, ""seat"": 1}, {""action"": ""call"", ""amount"": 124, ""seat"": 0}, {""action"": ""check"", ""amount"": 0, ""seat"": 0}, {""action"": ""raise"", ""amount"": 322, ""seat"": 1}, {""action"": ""fold"", ""amount"": 0, ""seat"": 0}]"
overfold_exploiter,2026060702,1,36,deployed_overfold_exploiter_s2026060702_o1_h0036,-224,turn,770,Qd 2c 9c Jc,False,,,"[{""action"": ""small_blind"", ""amount"": 50, ""seat"": 0}, {""action"": ""big_blind"", ""amount"": 100, ""seat"": 1}, {""action"": ""call"", ""amount"": 50, ""seat"": 0}, {""action"": ""check"", ""amount"": 0, ""seat"": 1}, {""action"": ""check"", ""amount"": 0, ""seat"": 1}, {""action"": ""raise"", ""amount"": 124, ""seat"": 0}, {""action"": ""call"", ""amount"": 124, ""seat"": 1}, {""action"": ""check"", ""amount"": 0, ""seat"": 1}, {""action"": ""raise"", ""amount"": 322, ""seat"": 0}, {""action"": ""fold"", ""amount"": 0, ""seat"": 1}]"
overfold_exploiter,2026060701,0,13,deployed_overfold_exploiter_s2026060701_o0_h0013,-100,flop,324,7s Kh Ts,False,,,"[{""action"": ""small_blind"", ""amount"": 50, ""seat"": 1}, {""action"": ""big_blind"", ""amount"": 100, ""seat"": 0}, {""action"": ""call"", ""amount"": 50, ""seat"": 1}, {""action"": ""check"", ""amount"": 0, ""seat"": 0}, {""action"": ""check"", ""amount"": 0, ""seat"": 0}, {""action"": ""raise"", ""amount"": 124, ""seat"": 1}, {""action"": ""fold"", ""amount"": 0, ""seat"": 0}]"
overfold_exploiter,2026060701,0,17,deployed_overfold_exploiter_s2026060701_o0_h0017,-100,flop,324,As Jh 7h,False,,,"[{""action"": ""small_blind"", ""amount"": 50, ""seat"": 1}, {""action"": ""big_blind"", ""amount"": 100, ""seat"": 0}, {""action"": ""call"", ""amount"": 50, ""seat"": 1}, {""action"": ""check"", ""amount"": 0, ""seat"": 0}, {""action"": ""check"", ""amount"": 0, ""seat"": 0}, {""action"": ""raise"", ""amount"": 124, ""seat"": 1}, {""action"": ""fold"", ""amount"": 0, ""seat"": 0}]"
overfold_exploiter,2026060701,0,23,deployed_overfold_exploiter_s2026060701_o0_h0023,-100,flop,324,5h 9d 6h,False,,,"[{""action"": ""small_blind"", ""amount"": 50, ""seat"": 1}, {""action"": ""big_blind"", ""amount"": 100, ""seat"": 0}, {""action"": ""call"", ""amount"": 50, ""seat"": 1}, {""action"": ""check"", ""amount"": 0, ""seat"": 0}, {""action"": ""check"", ""amount"": 0, ""seat"": 0}, {""action"": ""raise"", ""amount"": 124, ""seat"": 1}, {""action"": ""fold"", ""amount"": 0, ""seat"": 0}]"
overfold_exploiter,2026060701,0,25,deployed_overfold_exploiter_s2026060701_o0_h0025,-100,flop,324,5h 4h As,False,,,"[{""action"": ""small_blind"", ""amount"": 50, ""seat"": 1}, {""action"": ""big_blind"", ""amount"": 100, ""seat"": 0}, {""action"": ""call"", ""amount"": 50, ""seat"": 1}, {""action"": ""check"", ""amount"": 0, ""seat"": 0}, {""action"": ""check"", ""amount"": 0, ""seat"": 0}, {""action"": ""raise"", ""amount"": 124, ""seat"": 1}, {""action"": ""fold"", ""amount"": 0, ""seat"": 0}]"
overfold_exploiter,2026060701,0,43,deployed_overfold_exploiter_s2026060701_o0_h0043,-100,flop,324,Kc 3c Ah,False,,,"[{""action"": ""small_blind"", ""amount"": 50, ""seat"": 1}, {""action"": ""big_blind"", ""amount"": 100, ""seat"": 0}, {""action"": ""call"", ""amount"": 50, ""seat"": 1}, {""action"": ""check"", ""amount"": 0, ""seat"": 0}, {""action"": ""check"", ""amount"": 0, ""seat"": 0}, {""action"": ""raise"", ""amount"": 124, ""seat"": 1}, {""action"": ""fold"", ""amount"": 0, ""seat"": 0}]"
overfold_exploiter,2026060701,0,51,deployed_overfold_exploiter_s2026060701_o0_h0051,-100,flop,324,Kd As Ah,False,,,"[{""action"": ""small_blind"", ""amount"": 50, ""seat"": 1}, {""action"": ""big_blind"", ""amount"": 100, ""seat"": 0}, {""action"": ""call"", ""amount"": 50, ""seat"": 1}, {""action"": ""check"", ""amount"": 0, ""seat"": 0}, {""action"": ""check"", ""amount"": 0, ""seat"": 0}, {""action"": ""raise"", ""amount"": 124, ""seat"": 1}, {""action"": ""fold"", ""amount"": 0, ""seat"": 0}]"
overfold_exploiter,2026060701,0,71,deployed_overfold_exploiter_s2026060701_o0_h0071,-100,flop,324,Tc 5d 4h,False,,,"[{""action"": ""small_blind"", ""amount"": 50, ""seat"": 1}, {""action"": ""big_blind"", ""amount"": 100, ""seat"": 0}, {""action"": ""call"", ""amount"": 50, ""seat"": 1}, {""action"": ""check"", ""amount"": 0, ""seat"": 0}, {""action"": ""check"", ""amount"": 0, ""seat"": 0}, {""action"": ""raise"", ""amount"": 124, ""seat"": 1}, {""action"": ""fold"", ""amount"": 0, ""seat"": 0}]"
overfold_exploiter,2026060701,0,75,deployed_overfold_exploiter_s2026060701_o0_h0075,-100,flop,324,4s 9s Kd,False,,,"[{""action"": ""small_blind"", ""amount"": 50, ""seat"": 1}, {""action"": ""big_blind"", ""amount"": 100, ""seat"": 0}, {""action"": ""call"", ""amount"": 50, ""seat"": 1}, {""action"": ""check"", ""amount"": 0, ""seat"": 0}, {""action"": ""check"", ""amount"": 0, ""seat"": 0}, {""action"": ""raise"", ""amount"": 124, ""seat"": 1}, {""action"": ""fold"", ""amount"": 0, ""seat"": 0}]"
overfold_exploiter,2026060701,0,87,deployed_overfold_exploiter_s2026060701_o0_h0087,-100,flop,324,Js 8h Jc,False,,,"[{""action"": ""small_blind"", ""amount"": 50, ""seat"": 1}, {""action"": ""big_blind"", ""amount"": 100, ""seat"": 0}, {""action"": ""call"", ""amount"": 50, ""seat"": 1}, {""action"": ""check"", ""amount"": 0, ""seat"": 0}, {""action"": ""check"", ""amount"": 0, ""seat"": 0}, {""action"": ""raise"", ""amount"": 124, ""seat"": 1}, {""action"": ""fold"", ""amount"": 0, ""seat"": 0}]"
overfold_exploiter,2026060701,0,89,deployed_overfold_exploiter_s2026060701_o0_h0089,-100,flop,324,9s 9h 7s,False,,,"[{""action"": ""small_blind"", ""amount"": 50, ""seat"": 1}, {""action"": ""big_blind"", ""amount"": 100, ""seat"": 0}, {""action"": ""call"", ""amount"": 50, ""seat"": 1}, {""action"": ""check"", ""amount"": 0, ""seat"": 0}, {""action"": ""check"", ""amount"": 0, ""seat"": 0}, {""action"": ""raise"", ""amount"": 124, ""seat"": 1}, {""action"": ""fold"", ""amount"": 0, ""seat"": 0}]"
overfold_exploiter,2026060701,0,95,deployed_overfold_exploiter_s2026060701_o0_h0095,-100,flop,324,2d 6c 5d,False,,,"[{""action"": ""small_blind"", ""amount"": 50, ""seat"": 1}, {""action"": ""big_blind"", ""amount"": 100, ""seat"": 0}, {""action"": ""call"", ""amount"": 50, ""seat"": 1}, {""action"": ""check"", ""amount"": 0, ""seat"": 0}, {""action"": ""check"", ""amount"": 0, ""seat"": 0}, {""action"": ""raise"", ""amount"": 124, ""seat"": 1}, {""action"": ""fold"", ""amount"": 0, ""seat"": 0}]"
overfold_exploiter,2026060701,1,4,deployed_overfold_exploiter_s2026060701_o1_h0004,-100,flop,324,3s 9h 4h,False,,,"[{""action"": ""small_blind"", ""amount"": 50, ""seat"": 0}, {""action"": ""big_blind"", ""amount"": 100, ""seat"": 1}, {""action"": ""call"", ""amount"": 50, ""seat"": 0}, {""action"": ""check"", ""amount"": 0, ""seat"": 1}, {""action"": ""check"", ""amount"": 0, ""seat"": 1}, {""action"": ""raise"", ""amount"": 124, ""seat"": 0}, {""action"": ""fold"", ""amount"": 0, ""seat"": 1}]"
overfold_exploiter,2026060701,1,28,deployed_overfold_exploiter_s2026060701_o1_h0028,-100,flop,324,7c 4d Th,False,,,"[{""action"": ""small_blind"", ""amount"": 50, ""seat"": 0}, {""action"": ""big_blind"", ""amount"": 100, ""seat"": 1}, {""action"": ""call"", ""amount"": 50, ""seat"": 0}, {""action"": ""check"", ""amount"": 0, ""seat"": 1}, {""action"": ""check"", ""amount"": 0, ""seat"": 1}, {""action"": ""raise"", ""amount"": 124, ""seat"": 0}, {""action"": ""fold"", ""amount"": 0, ""seat"": 1}]"
overfold_exploiter,2026060701,1,68,deployed_overfold_exploiter_s2026060701_o1_h0068,-100,flop,324,Ks 4c Tc,False,,,"[{""action"": ""small_blind"", ""amount"": 50, ""seat"": 0}, {""action"": ""big_blind"", ""amount"": 100, ""seat"": 1}, {""action"": ""call"", ""amount"": 50, ""seat"": 0}, {""action"": ""check"", ""amount"": 0, ""seat"": 1}, {""action"": ""check"", ""amount"": 0, ""seat"": 1}, {""action"": ""raise"", ""amount"": 124, ""seat"": 0}, {""action"": ""fold"", ""amount"": 0, ""seat"": 1}]"
overfold_exploiter,2026060702,0,9,deployed_overfold_exploiter_s2026060702_o0_h0009,-100,flop,324,7h Kd Qd,False,,,"[{""action"": ""small_blind"", ""amount"": 50, ""seat"": 1}, {""action"": ""big_blind"", ""amount"": 100, ""seat"": 0}, {""action"": ""call"", ""amount"": 50, ""seat"": 1}, {""action"": ""check"", ""amount"": 0, ""seat"": 0}, {""action"": ""check"", ""amount"": 0, ""seat"": 0}, {""action"": ""raise"", ""amount"": 124, ""seat"": 1}, {""action"": ""fold"", ""amount"": 0, ""seat"": 0}]"
