file,hand_num,street,action,amount_logged,chips_in,pot_before,owed,stack_before,invested_after,final_pot,origin,hand_delta,won,reached_showdown
0c18615c,4,preflop,fold,0,0,392,242,10000,0,20100,none,0,0,0
0c18615c,5,preflop,call,150,150,500,150,9900,250,5893,none,1843,1,0
0c18615c,5,flop,raise,433,433,650,0,9750,683,5893,none,1843,1,0
0c18615c,5,turn,raise,1010,1010,1516,0,9317,1693,5893,none,1843,1,0
0c18615c,5,river,raise,2357,2357,3536,0,8307,4050,5893,none,1843,1,0
0c18615c,24,preflop,fold,0,0,150,100,13241,0,19880,none,0,0,0
0c18615c,37,preflop,fold,0,0,150,100,13191,0,5900,none,0,0,0
0c18615c,81,preflop,call,179,179,379,179,14041,229,16205,postflop-escalation,-7988,0,1
0c18615c,81,flop,raise,458,458,687,0,13862,687,16205,postflop-escalation,-7988,0,1
0c18615c,81,flop,call,687,687,2290,687,13404,1374,16205,postflop-escalation,-7988,0,1
0c18615c,81,turn,raise,1984,1984,2977,0,12717,3358,16205,postflop-escalation,-7988,0,1
0c18615c,81,river,raise,4630,4630,6945,0,10733,7988,16205,postflop-escalation,-7988,0,1
0c18615c,106,preflop,fold,0,0,379,179,6803,50,7148,none,-50,0,0
0c18615c,118,preflop,fold,0,0,150,100,7303,0,16098,none,0,0,0
0c18615c,140,preflop,raise,200,100,300,0,9123,200,5443,none,1733,1,0
0c18615c,140,flop,raise,400,400,600,0,9023,600,5443,none,1733,1,0
0c18615c,140,turn,raise,933,933,1400,0,8623,1533,5443,none,1733,1,0
0c18615c,140,river,raise,2177,2177,3266,0,7690,3710,5443,none,1733,1,0
0c18615c,173,preflop,raise,200,200,150,100,11406,200,8983,postflop-escalation,2770,1,0
0c18615c,173,preflop,call,220,220,770,220,11206,420,8983,postflop-escalation,2770,1,0
0c18615c,173,flop,raise,660,660,990,0,10986,1080,8983,postflop-escalation,2770,1,0
0c18615c,173,turn,raise,1540,1540,2310,0,10326,2620,8983,postflop-escalation,2770,1,0
0c18615c,173,river,raise,3593,3593,5390,0,8786,6213,8983,postflop-escalation,2770,1,0
0c18615c,197,preflop,fold,0,0,150,100,13543,0,27181,none,0,0,0
0c18615c,236,preflop,fold,0,0,400,200,15339,50,7149,none,-50,0,0
0c18615c,248,preflop,fold,0,0,150,100,15439,0,25896,none,0,0,0
0c18615c,252,preflop,raise,200,150,150,50,15289,200,5072,none,-2536,0,1
0c18615c,252,flop,raise,266,266,400,0,15139,466,5072,none,-2536,0,1
0c18615c,252,turn,raise,621,621,932,0,14873,1087,5072,none,-2536,0,1
0c18615c,252,river,raise,1449,1449,2174,0,14252,2536,5072,none,-2536,0,1
0c18615c,269,preflop,fold,0,0,150,100,12803,0,43747,none,0,0,0
0c18615c,280,preflop,fold,0,0,379,179,13731,50,12001,none,-50,0,0
0c18615c,300,preflop,call,179,179,379,179,13431,229,14159,preflop-raise,678,1,0
0c18615c,300,preflop,all_in,13481,13252,907,220,13252,13481,14159,preflop-raise,678,1,0
0c18615c,317,preflop,fold,0,0,150,100,14992,0,5045,none,0,0,0
0c18615c,321,preflop,fold,0,0,150,100,15142,0,13284,none,0,0,0
0c18615c,409,preflop,raise,200,100,250,0,19575,200,5716,none,-2833,0,1
0c18615c,409,flop,raise,300,300,450,0,19475,500,5716,none,-2833,0,1
0c18615c,409,turn,raise,700,700,1050,0,19175,1200,5716,none,-2833,0,1
0c18615c,409,river,raise,1633,1633,2450,0,18475,2833,5716,none,-2833,0,1
0c18615c,424,preflop,raise,200,100,250,0,16909,200,5716,none,-2833,0,1
0c18615c,424,flop,raise,300,300,450,0,16809,500,5716,none,-2833,0,1
0c18615c,424,turn,raise,700,700,1050,0,16509,1200,5716,none,-2833,0,1
0c18615c,424,river,raise,1633,1633,2450,0,15809,2833,5716,none,-2833,0,1
0c18615c,441,preflop,raise,200,200,150,100,15259,200,5715,none,-1533,0,0
0c18615c,441,flop,raise,400,400,600,0,15059,600,5715,none,-1533,0,0
0c18615c,441,turn,raise,933,933,1400,0,14659,1533,5715,none,-1533,0,0
0c18615c,441,river,fold,0,0,5715,2449,13726,1533,5715,none,-1533,0,0
0c18615c,476,preflop,raise,200,150,150,50,15769,200,9600,none,-2536,0,0
0c18615c,476,flop,raise,266,266,400,0,15619,466,9600,none,-2536,0,0
0c18615c,476,turn,raise,621,621,932,0,15353,1087,9600,none,-2536,0,0
0c18615c,476,river,raise,1449,1449,2174,0,14732,2536,9600,none,-2536,0,0
0c18615c,476,river,fold,0,0,9600,4528,13283,2536,9600,none,-2536,0,0
0c18615c,486,preflop,raise,200,200,150,100,13999,200,5443,none,1733,1,0
0c18615c,486,flop,raise,400,400,600,0,13799,600,5443,none,1733,1,0
0c18615c,486,turn,raise,933,933,1400,0,13399,1533,5443,none,1733,1,0
0c18615c,486,river,raise,2177,2177,3266,0,12466,3710,5443,none,1733,1,0
0c18615c,492,preflop,fold,0,0,150,100,15432,0,44568,none,0,0,0
0c18615c,500,preflop,raise,200,150,150,50,15432,200,44984,none,-466,0,0
0c18615c,500,flop,raise,266,266,400,0,15282,466,44984,none,-466,0,0
0c18615c,500,flop,fold,0,0,44984,44052,15016,466,44984,none,-466,0,0
0c18615c,506,preflop,raise,200,150,150,50,13999,200,46417,none,-466,0,0
0c18615c,506,flop,raise,266,266,400,0,13849,466,46417,none,-466,0,0
0c18615c,506,turn,fold,0,0,46417,45485,13583,466,46417,none,-466,0,0
0c18615c,520,preflop,raise,200,150,150,50,11713,200,48437,none,-200,0,0
0c18615c,520,flop,fold,0,0,48437,48037,11563,200,48437,none,-200,0,0
0c18615c,522,preflop,raise,200,150,150,50,11613,200,48537,none,-200,0,0
0c18615c,522,preflop,fold,0,0,48537,48137,11463,200,48537,none,-200,0,0
0c18615c,523,preflop,fold,0,0,48637,48437,11363,100,48637,none,-100,0,0
0c18615c,527,preflop,fold,0,0,48787,48587,11213,100,48787,none,-100,0,0
0c18615c,528,preflop,raise,200,150,150,50,11163,200,48987,none,-200,0,0
0c18615c,528,preflop,fold,0,0,48987,48587,11013,200,48987,none,-200,0,0
0c18615c,531,preflop,check,0,0,200,0,11063,100,50104,none,-1267,0,0
0c18615c,531,flop,raise,133,133,200,0,11063,233,50104,none,-1267,0,0
0c18615c,531,turn,raise,310,310,466,0,10930,543,50104,none,-1267,0,0
0c18615c,531,river,raise,724,724,1086,0,10620,1267,50104,none,-1267,0,0
0c18615c,531,river,fold,0,0,50104,47570,9896,1267,50104,none,-1267,0,0
0c18615c,535,preflop,fold,0,0,49854,49654,10146,100,49854,none,-100,0,0
0c18615c,542,preflop,raise,200,150,150,50,9563,200,50587,none,-200,0,0
0c18615c,542,preflop,fold,0,0,50587,50187,9413,200,50587,none,-200,0,0
0c18615c,545,preflop,fold,0,0,50537,50337,9463,100,50537,none,-100,0,0
0c18615c,549,preflop,fold,0,0,50737,50537,9263,100,50737,none,-100,0,0
0c18615c,555,preflop,call,49289,10511,49489,49289,10511,10611,60000,preflop-flat,-10611,0,1
18fc0a11,22,preflop,raise,200,150,150,50,10550,200,7620,none,3810,1,1
18fc0a11,22,preflop,call,100,100,500,100,10400,300,7620,none,3810,1,1
18fc0a11,22,flop,raise,400,400,600,0,10300,700,7620,none,3810,1,1
18fc0a11,22,turn,raise,933,933,1400,0,9900,1633,7620,none,3810,1,1
18fc0a11,22,river,raise,2177,2177,3266,0,8967,3810,7620,none,3810,1,1
18fc0a11,71,preflop,raise,200,200,250,100,17451,200,5280,none,-200,0,0
18fc0a11,71,preflop,fold,0,0,1200,250,17251,200,5280,none,-200,0,0
18fc0a11,76,preflop,raise,200,150,150,50,18051,200,5072,none,-2536,0,1
18fc0a11,76,flop,raise,266,266,400,0,17901,466,5072,none,-2536,0,1
18fc0a11,76,turn,raise,621,621,932,0,17635,1087,5072,none,-2536,0,1
18fc0a11,76,river,raise,1449,1449,2174,0,17014,2536,5072,none,-2536,0,1
18fc0a11,88,preflop,raise,200,150,150,50,17909,200,5072,none,0,0,1
18fc0a11,88,flop,raise,266,266,400,0,17759,466,5072,none,0,0,1
18fc0a11,88,turn,raise,621,621,932,0,17493,1087,5072,none,0,0,1
18fc0a11,88,river,raise,1449,1449,2174,0,16872,2536,5072,none,0,0,1
18fc0a11,89,preflop,fold,0,0,384,234,17959,0,15259,none,0,0,0
18fc0a11,97,preflop,raise,200,100,250,0,17843,200,5716,none,2883,1,1
18fc0a11,97,flop,raise,300,300,450,0,17743,500,5716,none,2883,1,1
18fc0a11,97,turn,raise,700,700,1050,0,17443,1200,5716,none,2883,1,1
18fc0a11,97,river,raise,1633,1633,2450,0,16743,2833,5716,none,2883,1,1
18fc0a11,103,preflop,raise,200,150,150,50,21226,200,15540,none,-466,0,0
18fc0a11,103,flop,raise,266,266,400,0,21076,466,15540,none,-466,0,0
18fc0a11,103,flop,fold,0,0,15540,14608,20810,466,15540,none,-466,0,0
18fc0a11,127,preflop,raise,200,100,250,0,25447,200,5716,none,-2833,0,1
18fc0a11,127,flop,raise,300,300,450,0,25347,500,5716,none,-2833,0,1
18fc0a11,127,turn,raise,700,700,1050,0,25047,1200,5716,none,-2833,0,1
18fc0a11,127,river,raise,1633,1633,2450,0,24347,2833,5716,none,-2833,0,1
18fc0a11,128,preflop,raise,200,150,150,50,22664,200,7620,none,3810,1,1
18fc0a11,128,preflop,call,100,100,500,100,22514,300,7620,none,3810,1,1
18fc0a11,128,flop,raise,400,400,600,0,22414,700,7620,none,3810,1,1
18fc0a11,128,turn,raise,933,933,1400,0,22014,1633,7620,none,3810,1,1
18fc0a11,128,river,raise,2177,2177,3266,0,21081,3810,7620,none,3810,1,1
18fc0a11,132,preflop,raise,200,100,250,0,26874,200,14759,none,-2833,0,0
18fc0a11,132,flop,raise,300,300,450,0,26774,500,14759,none,-2833,0,0
18fc0a11,132,turn,raise,700,700,1050,0,26474,1200,14759,none,-2833,0,0
18fc0a11,132,river,raise,1633,1633,2450,0,25774,2833,14759,none,-2833,0,0
18fc0a11,132,river,fold,0,0,14759,9043,24141,2833,14759,none,-2833,0,0
18fc0a11,140,preflop,raise,200,200,150,100,24891,200,16209,none,-1500,0,0
18fc0a11,140,preflop,call,400,400,950,400,24691,600,16209,none,-1500,0,0
18fc0a11,140,flop,raise,900,900,1350,0,24291,1500,16209,none,-1500,0,0
18fc0a11,140,flop,fold,0,0,16209,13059,23391,1500,16209,none,-1500,0,0
18fc0a11,147,preflop,raise,200,100,250,0,24041,200,18464,none,-2355,0,0
18fc0a11,147,flop,raise,300,300,450,0,23941,500,18464,none,-2355,0,0
18fc0a11,147,flop,call,495,495,1545,495,23641,995,18464,none,-2355,0,0
18fc0a11,147,turn,raise,1360,1360,2040,0,23146,2355,18464,none,-2355,0,0
18fc0a11,147,turn,fold,0,0,18464,13704,21786,2355,18464,none,-2355,0,0
18fc0a11,162,preflop,raise,200,100,250,0,23686,200,18164,none,-500,0,0
18fc0a11,162,flop,raise,300,300,450,0,23586,500,18164,none,-500,0,0
18fc0a11,162,flop,fold,0,0,18164,17114,23286,500,18164,none,-500,0,0
18fc0a11,192,preflop,raise,200,100,250,0,24720,200,5716,none,-2833,0,1
18fc0a11,192,flop,raise,300,300,450,0,24620,500,5716,none,-2833,0,1
18fc0a11,192,turn,raise,700,700,1050,0,24320,1200,5716,none,-2833,0,1
18fc0a11,192,river,raise,1633,1633,2450,0,23620,2833,5716,none,-2833,0,1
18fc0a11,199,preflop,fold,0,0,750,600,23553,0,5600,none,0,0,0
18fc0a11,202,preflop,raise,200,100,250,0,23753,200,19947,none,-1200,0,0
18fc0a11,202,flop,raise,300,300,450,0,23653,500,19947,none,-1200,0,0
18fc0a11,202,turn,raise,700,700,1050,0,23353,1200,19947,none,-1200,0,0
18fc0a11,202,turn,fold,0,0,19947,17497,22653,1200,19947,none,-1200,0,0
18fc0a11,207,preflop,raise,200,100,250,0,22803,200,22980,none,-2833,0,0
18fc0a11,207,flop,raise,300,300,450,0,22703,500,22980,none,-2833,0,0
18fc0a11,207,turn,raise,700,700,1050,0,22403,1200,22980,none,-2833,0,0
18fc0a11,207,river,raise,1633,1633,2450,0,21703,2833,22980,none,-2833,0,0
18fc0a11,207,river,fold,0,0,22980,17264,20070,2833,22980,none,-2833,0,0
18fc0a11,212,preflop,raise,200,100,250,0,20520,200,24080,none,-1200,0,0
18fc0a11,212,flop,raise,300,300,450,0,20420,500,24080,none,-1200,0,0
18fc0a11,212,turn,raise,700,700,1050,0,20120,1200,24080,none,-1200,0,0
18fc0a11,212,turn,fold,0,0,24080,21630,19420,1200,24080,none,-1200,0,0
18fc0a11,220,preflop,raise,200,200,150,100,19620,200,24830,none,-1500,0,0
18fc0a11,220,preflop,call,400,400,950,400,19420,600,24830,none,-1500,0,0
18fc0a11,220,flop,raise,900,900,1350,0,19020,1500,24830,none,-1500,0,0
18fc0a11,220,flop,fold,0,0,24830,21680,18120,1500,24830,none,-1500,0,0
18fc0a11,222,preflop,raise,200,100,250,0,18170,200,26080,none,-1200,0,0
18fc0a11,222,flop,raise,300,300,450,0,18070,500,26080,none,-1200,0,0
18fc0a11,222,turn,raise,700,700,1050,0,17770,1200,26080,none,-1200,0,0
18fc0a11,222,turn,fold,0,0,26080,23630,17070,1200,26080,none,-1200,0,0
18fc0a11,227,preflop,raise,200,100,250,0,16870,200,26780,none,-500,0,0
18fc0a11,227,flop,raise,300,300,450,0,16770,500,26780,none,-500,0,0
18fc0a11,227,flop,fold,0,0,26780,25730,16470,500,26780,none,-500,0,0
18fc0a11,253,preflop,raise,200,150,150,50,19170,200,5072,none,-2536,0,1
18fc0a11,253,flop,raise,266,266,400,0,19020,466,5072,none,-2536,0,1
18fc0a11,253,turn,raise,621,621,932,0,18754,1087,5072,none,-2536,0,1
18fc0a11,253,river,raise,1449,1449,2174,0,18133,2536,5072,none,-2536,0,1
18fc0a11,257,preflop,raise,200,100,250,0,17034,200,5716,none,2883,1,1
18fc0a11,257,flop,raise,300,300,450,0,16934,500,5716,none,2883,1,1
18fc0a11,257,turn,raise,700,700,1050,0,16634,1200,5716,none,2883,1,1
18fc0a11,257,river,raise,1633,1633,2450,0,15934,2833,5716,none,2883,1,1
18fc0a11,258,preflop,raise,200,150,150,50,19967,200,5072,none,-2536,0,1
18fc0a11,258,flop,raise,266,266,400,0,19817,466,5072,none,-2536,0,1
18fc0a11,258,turn,raise,621,621,932,0,19551,1087,5072,none,-2536,0,1
18fc0a11,258,river,raise,1449,1449,2174,0,18930,2536,5072,none,-2536,0,1
18fc0a11,263,preflop,raise,200,150,150,50,17281,200,28385,none,-466,0,0
18fc0a11,263,flop,raise,266,266,400,0,17131,466,28385,none,-466,0,0
18fc0a11,263,flop,fold,0,0,28385,27453,16865,466,28385,none,-466,0,0
18fc0a11,277,preflop,raise,200,100,250,0,18765,200,5716,none,-2833,0,1
18fc0a11,277,flop,raise,300,300,450,0,18665,500,5716,none,-2833,0,1
18fc0a11,277,turn,raise,700,700,1050,0,18365,1200,5716,none,-2833,0,1
18fc0a11,277,river,raise,1633,1633,2450,0,17665,2833,5716,none,-2833,0,1
18fc0a11,282,preflop,raise,200,100,250,0,17469,200,5716,none,-2833,0,1
18fc0a11,282,flop,raise,300,300,450,0,17369,500,5716,none,-2833,0,1
18fc0a11,282,turn,raise,700,700,1050,0,17069,1200,5716,none,-2833,0,1
18fc0a11,282,river,raise,1633,1633,2450,0,16369,2833,5716,none,-2833,0,1
18fc0a11,283,preflop,raise,200,150,150,50,14686,200,32930,none,-466,0,0
18fc0a11,283,flop,raise,266,266,400,0,14536,466,32930,none,-466,0,0
18fc0a11,283,flop,fold,0,0,32930,31998,14270,466,32930,none,-466,0,0
18fc0a11,297,preflop,raise,200,100,250,0,15370,200,5716,none,-2833,0,1
18fc0a11,297,flop,raise,300,300,450,0,15270,500,5716,none,-2833,0,1
18fc0a11,297,turn,raise,700,700,1050,0,14970,1200,5716,none,-2833,0,1
18fc0a11,297,river,raise,1633,1633,2450,0,14270,2833,5716,none,-2833,0,1
18fc0a11,327,preflop,raise,200,100,250,0,14787,200,5716,none,2883,1,1
18fc0a11,327,flop,raise,300,300,450,0,14687,500,5716,none,2883,1,1
18fc0a11,327,turn,raise,700,700,1050,0,14387,1200,5716,none,2883,1,1
18fc0a11,327,river,raise,1633,1633,2450,0,13687,2833,5716,none,2883,1,1
18fc0a11,339,preflop,fold,0,0,450,300,18770,0,37330,none,0,0,0
18fc0a11,349,preflop,raise,200,150,150,50,20386,200,5072,none,-2536,0,1
18fc0a11,349,flop,raise,266,266,400,0,20236,466,5072,none,-2536,0,1
18fc0a11,349,turn,raise,621,621,932,0,19970,1087,5072,none,-2536,0,1
18fc0a11,349,river,raise,1449,1449,2174,0,19349,2536,5072,none,-2536,0,1
18fc0a11,388,preflop,raise,200,150,150,50,21050,200,7620,none,3810,1,1
18fc0a11,388,preflop,call,100,100,500,100,20900,300,7620,none,3810,1,1
18fc0a11,388,flop,raise,400,400,600,0,20800,700,7620,none,3810,1,1
18fc0a11,388,turn,raise,933,933,1400,0,20400,1633,7620,none,3810,1,1
18fc0a11,388,river,raise,2177,2177,3266,0,19467,3810,7620,none,3810,1,1
18fc0a11,390,preflop,call,200,200,450,200,24960,300,35133,none,-1743,0,0
18fc0a11,390,flop,raise,433,433,650,0,24760,733,35133,none,-1743,0,0
18fc0a11,390,turn,raise,1010,1010,1516,0,24327,1743,35133,none,-1743,0,0
18fc0a11,390,turn,fold,0,0,35133,31597,23317,1743,35133,none,-1743,0,0
18fc0a11,403,preflop,raise,200,150,150,50,25304,200,34396,none,-700,0,0
18fc0a11,403,preflop,call,100,100,500,100,25154,300,34396,none,-700,0,0
18fc0a11,403,flop,raise,400,400,600,0,25054,700,34396,none,-700,0,0
18fc0a11,403,flop,fold,0,0,34396,32996,24654,700,34396,none,-700,0,0
18fc0a11,420,preflop,raise,200,100,250,0,26591,200,33759,none,-500,0,0
18fc0a11,420,flop,raise,300,300,450,0,26491,500,33759,none,-500,0,0
18fc0a11,420,flop,fold,0,0,33759,32709,26191,500,33759,none,-500,0,0
18fc0a11,452,preflop,check,0,0,200,0,26567,100,33876,none,-543,0,0
18fc0a11,452,flop,raise,133,133,200,0,26567,233,33876,none,-543,0,0
18fc0a11,452,turn,raise,310,310,466,0,26434,543,33876,none,-543,0,0
18fc0a11,452,turn,fold,0,0,33876,32790,26124,543,33876,none,-543,0,0
18fc0a11,546,preflop,check,0,0,200,0,28993,100,31140,none,-233,0,0
18fc0a11,546,flop,raise,133,133,200,0,28993,233,31140,none,-233,0,0
18fc0a11,546,flop,fold,0,0,31140,30674,28860,233,31140,none,-233,0,0
18fc0a11,584,preflop,check,0,0,200,0,27930,100,33237,none,-1267,0,0
18fc0a11,584,flop,raise,133,133,200,0,27930,233,33237,none,-1267,0,0
18fc0a11,584,turn,raise,310,310,466,0,27797,543,33237,none,-1267,0,0
18fc0a11,584,river,raise,724,724,1086,0,27487,1267,33237,none,-1267,0,0
18fc0a11,584,river,fold,0,0,33237,30703,26763,1267,33237,none,-1267,0,0
18fc0a11,608,preflop,check,0,0,200,0,28198,100,31935,none,-233,0,0
18fc0a11,608,flop,raise,133,133,200,0,28198,233,31935,none,-233,0,0
18fc0a11,608,flop,fold,0,0,31935,31469,28065,233,31935,none,-233,0,0
18fc0a11,620,preflop,check,0,0,200,0,28365,100,31768,none,-233,0,0
18fc0a11,620,flop,raise,133,133,200,0,28365,233,31768,none,-233,0,0
18fc0a11,620,flop,fold,0,0,31768,31302,28232,233,31768,none,-233,0,0
18fc0a11,662,preflop,check,0,0,200,0,31449,100,28684,none,-233,0,0
18fc0a11,662,flop,raise,133,133,200,0,31449,233,28684,none,-233,0,0
18fc0a11,662,flop,fold,0,0,28684,28218,31316,233,28684,none,-233,0,0
18fc0a11,690,preflop,check,0,0,200,0,32316,100,28851,none,-1267,0,0
18fc0a11,690,flop,raise,133,133,200,0,32316,233,28851,none,-1267,0,0
18fc0a11,690,turn,raise,310,310,466,0,32183,543,28851,none,-1267,0,0
18fc0a11,690,river,raise,724,724,1086,0,31873,1267,28851,none,-1267,0,0
18fc0a11,690,river,fold,0,0,28851,26317,31149,1267,28851,none,-1267,0,0
18fc0a11,724,preflop,check,0,0,200,0,33149,100,26984,none,-233,0,0
18fc0a11,724,flop,raise,133,133,200,0,33149,233,26984,none,-233,0,0
18fc0a11,724,flop,fold,0,0,26984,26518,33016,233,26984,none,-233,0,0
18fc0a11,736,preflop,check,0,0,200,0,33166,100,27277,none,-543,0,0
18fc0a11,736,flop,raise,133,133,200,0,33166,233,27277,none,-543,0,0
18fc0a11,736,turn,raise,310,310,466,0,33033,543,27277,none,-543,0,0
18fc0a11,736,turn,fold,0,0,27277,26191,32723,543,27277,none,-543,0,0
18fc0a11,738,preflop,check,0,0,200,0,32723,100,27410,none,-233,0,0
18fc0a11,738,flop,raise,133,133,200,0,32723,233,27410,none,-233,0,0
18fc0a11,738,flop,fold,0,0,27410,26944,32590,233,27410,none,-233,0,0
18fc0a11,770,preflop,check,0,0,200,0,32906,100,27227,none,-233,0,0
18fc0a11,770,flop,raise,133,133,200,0,32906,233,27227,none,-233,0,0
18fc0a11,770,flop,fold,0,0,27227,26761,32773,233,27227,none,-233,0,0
18fc0a11,794,preflop,call,200,200,400,200,33916,300,26684,none,-700,0,0
18fc0a11,794,flop,raise,400,400,600,0,33716,700,26684,none,-700,0,0
18fc0a11,794,flop,fold,0,0,26684,25284,33316,700,26684,none,-700,0,0
35272026,17,preflop,call,200,200,400,200,9900,250,7620,none,3860,1,1
35272026,17,flop,raise,400,400,600,0,9700,650,7620,none,3860,1,1
35272026,17,turn,raise,933,933,1400,0,9300,1583,7620,none,3860,1,1
35272026,17,river,raise,2177,2177,3266,0,8367,3760,7620,none,3860,1,1
35272026,24,preflop,raise,200,200,150,100,13810,200,5443,none,1733,1,0
35272026,24,flop,raise,400,400,600,0,13610,600,5443,none,1733,1,0
35272026,24,turn,raise,933,933,1400,0,13210,1533,5443,none,1733,1,0
35272026,24,river,raise,2177,2177,3266,0,12277,3710,5443,none,1733,1,0
35272026,42,preflop,call,250,250,400,250,15793,250,10788,none,175,1,1
35272026,42,flop,raise,566,566,850,0,15543,816,10788,none,175,1,1
35272026,42,turn,raise,1321,1321,1982,0,14977,2137,10788,none,175,1,1
35272026,42,river,raise,3082,3082,4624,0,13656,5219,10788,none,175,1,1
35272026,53,preflop,fold,0,0,538,238,13960,50,6741,none,-50,0,0
35272026,98,preflop,raise,200,200,150,100,14076,200,8884,none,-4292,0,1
35272026,98,flop,raise,466,466,700,0,13876,666,8884,none,-4292,0,1
35272026,98,turn,raise,1088,1088,1632,0,13410,1754,8884,none,-4292,0,1
35272026,98,river,raise,2538,2538,3808,0,12322,4292,8884,none,-4292,0,1
35272026,105,preflop,raise,200,200,150,100,9784,200,15092,none,-200,0,0
35272026,105,preflop,fold,0,0,1750,500,9584,200,15092,none,-200,0,0
35272026,131,preflop,fold,0,0,550,150,10112,50,15116,none,-50,0,0
35272026,143,preflop,all_in,10162,10112,1150,750,10112,10162,19428,preflop-raise,-8966,0,1
3f055acd,2,preflop,fold,0,0,1870,1420,10400,100,19850,none,-100,0,0
3f055acd,4,preflop,fold,0,0,588,438,10200,0,30000,none,0,0,0
3f055acd,25,preflop,raise,200,200,150,100,10600,200,6976,none,-3413,0,1
3f055acd,25,flop,raise,366,366,550,0,10400,566,6976,none,-3413,0,1
3f055acd,25,turn,raise,854,854,1282,0,10034,1420,6976,none,-3413,0,1
3f055acd,25,river,raise,1993,1993,2990,0,9180,3413,6976,none,-3413,0,1
3f055acd,65,preflop,raise,200,200,150,100,11997,200,12208,none,-3413,0,0
3f055acd,65,flop,raise,366,366,550,0,11797,566,12208,none,-3413,0,0
3f055acd,65,turn,raise,854,854,1282,0,11431,1420,12208,none,-3413,0,0
3f055acd,65,river,raise,1993,1993,2990,0,10577,3413,12208,none,-3413,0,0
3f055acd,65,river,fold,0,0,12208,5232,8584,3413,12208,none,-3413,0,0
3f055acd,128,preflop,raise,200,200,150,100,18330,200,5716,none,2883,1,1
3f055acd,128,flop,raise,300,300,450,0,18130,500,5716,none,2883,1,1
3f055acd,128,turn,raise,700,700,1050,0,17830,1200,5716,none,2883,1,1
3f055acd,128,river,raise,1633,1633,2450,0,17130,2833,5716,none,2883,1,1
3f055acd,170,preflop,raise,200,200,150,100,26104,200,20333,postflop-escalation,-5650,0,1
3f055acd,170,preflop,call,500,500,1750,500,25904,700,20333,postflop-escalation,-5650,0,1
3f055acd,170,flop,raise,1500,1500,2250,0,25404,2200,20333,postflop-escalation,-5650,0,1
3f055acd,170,turn,raise,3500,3500,5250,0,23904,5700,20333,postflop-escalation,-5650,0,1
3f055acd,170,river,raise,8133,8133,12200,0,20404,13833,20333,postflop-escalation,-5650,0,1
3f055acd,223,preflop,raise,200,200,150,100,24161,200,25851,postflop-escalation,-11500,0,1
3f055acd,223,flop,raise,433,433,650,0,23961,633,25851,postflop-escalation,-11500,0,1
3f055acd,223,flop,call,649,649,2165,649,23528,1282,25851,postflop-escalation,-11500,0,1
3f055acd,223,turn,raise,1876,1876,2814,0,22879,3158,25851,postflop-escalation,-11500,0,1
3f055acd,223,turn,call,2814,2814,9380,2814,21003,5972,25851,postflop-escalation,-11500,0,1
3f055acd,223,river,raise,8129,8129,12194,0,18189,14101,25851,postflop-escalation,-11500,0,1
3f055acd,266,preflop,raise,200,200,150,100,15061,200,5022,none,-1410,0,0
3f055acd,266,preflop,call,640,640,1090,640,14861,840,5022,none,-1410,0,0
3f055acd,266,flop,call,570,570,2300,570,14221,1410,5022,none,-1410,0,0
3f055acd,266,turn,fold,0,0,5022,2152,13651,1410,5022,none,-1410,0,0
3f055acd,344,preflop,all_in,18085,17985,1870,1420,17985,18085,23290,preflop-raise,125,1,1
55a52ba6,0,preflop,raise,200,200,150,100,10000,200,5225,none,-1533,0,0
55a52ba6,0,flop,raise,400,400,600,0,9800,600,5225,none,-1533,0,0
55a52ba6,0,turn,raise,933,933,1400,0,9400,1533,5225,none,-1533,0,0
55a52ba6,0,river,fold,0,0,5225,1959,8467,1533,5225,none,-1533,0,0
55a52ba6,6,preflop,raise,200,200,150,100,6868,200,21074,none,-200,0,0
55a52ba6,6,preflop,fold,0,0,1684,517,6668,200,21074,none,-200,0,0
55a52ba6,8,preflop,raise,200,200,150,100,6468,200,12074,none,-200,0,0
55a52ba6,8,preflop,fold,0,0,2500,1600,6268,200,12074,none,-200,0,0
55a52ba6,16,preflop,raise,200,200,150,100,6168,200,6346,postflop-escalation,-3123,0,1
55a52ba6,16,flop,raise,333,333,500,0,5968,533,6346,postflop-escalation,-3123,0,1
55a52ba6,16,turn,raise,777,777,1166,0,5635,1310,6346,postflop-escalation,-3123,0,1
55a52ba6,16,river,raise,1813,1813,2720,0,4858,3123,6346,postflop-escalation,-3123,0,1
55a52ba6,40,preflop,raise,200,200,150,100,4828,200,15569,none,-1643,0,0
55a52ba6,40,flop,raise,433,433,650,0,4628,633,15569,none,-1643,0,0
55a52ba6,40,turn,raise,1010,1010,1516,0,4195,1643,15569,none,-1643,0,0
55a52ba6,40,river,fold,0,0,15569,12033,3185,1643,15569,none,-1643,0,0
55a52ba6,43,preflop,raise,200,150,150,50,3485,200,5072,postflop-escalation,2536,1,1
55a52ba6,43,flop,raise,266,266,400,0,3335,466,5072,postflop-escalation,2536,1,1
55a52ba6,43,turn,raise,621,621,932,0,3069,1087,5072,postflop-escalation,2536,1,1
55a52ba6,43,river,raise,1449,1449,2174,0,2448,2536,5072,postflop-escalation,2536,1,1
55a52ba6,51,preflop,raise,200,200,150,100,5588,200,10158,postflop-escalation,5279,1,1
55a52ba6,51,flop,raise,533,533,800,0,5388,733,10158,postflop-escalation,5279,1,1
55a52ba6,51,turn,raise,1244,1244,1866,0,4855,1977,10158,postflop-escalation,5279,1,1
55a52ba6,51,river,raise,2902,2902,4354,0,3611,4879,10158,postflop-escalation,5279,1,1
55a52ba6,58,preflop,call,200,200,400,200,11017,250,14852,none,-3760,0,0
55a52ba6,58,flop,raise,400,400,600,0,10817,650,14852,none,-3760,0,0
55a52ba6,58,turn,raise,933,933,1400,0,10417,1583,14852,none,-3760,0,0
55a52ba6,58,river,raise,2177,2177,3266,0,9484,3760,14852,none,-3760,0,0
55a52ba6,58,river,fold,0,0,14852,7232,7307,3760,14852,none,-3760,0,0
55a52ba6,76,preflop,raise,200,200,150,100,12307,200,22800,none,-200,0,0
55a52ba6,76,preflop,fold,0,0,1700,500,12107,200,22800,none,-200,0,0
55a52ba6,79,preflop,raise,200,200,150,100,12157,200,15497,none,-200,0,0
55a52ba6,79,preflop,fold,0,0,15497,14997,11957,200,15497,none,-200,0,0
55a52ba6,82,preflop,fold,0,0,650,150,12007,100,8934,none,-100,0,0
55a52ba6,101,preflop,raise,200,200,150,100,12907,200,14620,none,-4292,0,0
55a52ba6,101,flop,raise,466,466,700,0,12707,666,14620,none,-4292,0,0
55a52ba6,101,turn,raise,1088,1088,1632,0,12241,1754,14620,none,-4292,0,0
55a52ba6,101,river,raise,2538,2538,3808,0,11153,4292,14620,none,-4292,0,0
55a52ba6,101,river,fold,0,0,14620,5736,8615,4292,14620,none,-4292,0,0
55a52ba6,109,preflop,raise,200,200,150,100,10331,200,14265,none,-200,0,0
55a52ba6,109,preflop,fold,0,0,14265,13765,10131,200,14265,none,-200,0,0
55a52ba6,111,preflop,raise,200,200,150,100,10381,200,6976,none,3563,1,1
55a52ba6,111,flop,raise,366,366,550,0,10181,566,6976,none,3563,1,1
55a52ba6,111,turn,raise,854,854,1282,0,9815,1420,6976,none,3563,1,1
55a52ba6,111,river,raise,1993,1993,2990,0,8961,3413,6976,none,3563,1,1
55a52ba6,120,preflop,raise,200,200,150,100,13278,200,13118,none,-733,0,0
55a52ba6,120,flop,raise,533,533,800,0,13078,733,13118,none,-733,0,0
55a52ba6,120,turn,fold,0,0,6618,2900,12545,733,13118,none,-733,0,0
55a52ba6,121,preflop,raise,200,200,150,100,12545,200,17954,none,-200,0,0
55a52ba6,121,preflop,fold,0,0,1500,700,12345,200,17954,none,-200,0,0
55a52ba6,122,preflop,raise,200,150,150,50,12295,200,5217,none,-1087,0,0
55a52ba6,122,flop,raise,266,266,400,0,12145,466,5217,none,-1087,0,0
55a52ba6,122,turn,raise,621,621,932,0,11879,1087,5217,none,-1087,0,0
55a52ba6,122,turn,fold,0,0,5217,3043,11258,1087,5217,none,-1087,0,0
55a52ba6,127,preflop,raise,200,200,250,100,10425,200,38586,none,-200,0,0
55a52ba6,127,preflop,fold,0,0,1650,500,10225,200,38586,none,-200,0,0
55a52ba6,145,preflop,call,200,200,400,200,10425,250,9524,postflop-escalation,-4637,0,1
55a52ba6,145,flop,raise,500,500,750,0,10225,750,9524,postflop-escalation,-4637,0,1
55a52ba6,145,turn,raise,1166,1166,1750,0,9725,1916,9524,postflop-escalation,-4637,0,1
55a52ba6,145,river,raise,2721,2721,4082,0,8559,4637,9524,postflop-escalation,-4637,0,1
55a52ba6,149,preflop,raise,200,200,150,100,5688,200,7620,postflop-escalation,-3710,0,1
55a52ba6,149,flop,raise,400,400,600,0,5488,600,7620,postflop-escalation,-3710,0,1
55a52ba6,149,turn,raise,933,933,1400,0,5088,1533,7620,postflop-escalation,-3710,0,1
55a52ba6,149,river,raise,2177,2177,3266,0,4155,3710,7620,postflop-escalation,-3710,0,1
5ff29149,5,preflop,raise,200,200,150,100,10150,200,11100,none,-200,0,0
5ff29149,5,preflop,fold,0,0,11100,10550,9950,200,11100,none,-200,0,0
5ff29149,21,preflop,raise,200,200,150,100,9450,200,10565,none,-200,0,0
5ff29149,21,preflop,fold,0,0,10565,10015,9250,200,10565,none,-200,0,0
5ff29149,29,preflop,fold,0,0,150,100,9100,0,14928,none,0,0,0
5ff29149,38,preflop,fold,0,0,150,100,8600,0,10121,none,0,0,0
5ff29149,42,preflop,fold,0,0,590,120,8800,100,17471,none,-100,0,0
5ff29149,43,preflop,all_in,8800,8750,990,580,8750,8800,19879,preflop-raise,9110,1,1
5ff29149,49,preflop,raise,200,150,150,50,16945,200,5072,none,2536,1,1
5ff29149,49,flop,raise,266,266,400,0,16795,466,5072,none,2536,1,1
5ff29149,49,turn,raise,621,621,932,0,16529,1087,5072,none,2536,1,1
5ff29149,49,river,raise,1449,1449,2174,0,15908,2536,5072,none,2536,1,1
5ff29149,62,preflop,fold,0,0,1160,800,19981,0,8238,none,0,0,0
5ff29149,65,preflop,fold,0,0,150,100,19981,0,10439,none,0,0,0
5ff29149,100,preflop,call,150,150,400,150,20831,250,22926,postflop-escalation,11488,1,1
5ff29149,100,flop,raise,366,366,550,0,20681,616,22926,postflop-escalation,11488,1,1
5ff29149,100,flop,call,508,508,1790,508,20315,1124,22926,postflop-escalation,11488,1,1
5ff29149,100,turn,raise,1532,1532,2298,0,19807,2656,22926,postflop-escalation,11488,1,1
5ff29149,100,turn,call,2232,2232,7594,2232,18275,4888,22926,postflop-escalation,11488,1,1
5ff29149,100,river,raise,6550,6550,9826,0,16043,11438,22926,postflop-escalation,11488,1,1
5ff29149,300,preflop,raise,200,150,150,50,33854,200,5443,none,1633,1,0
5ff29149,300,preflop,call,500,500,900,500,33704,700,5443,none,1633,1,0
5ff29149,300,flop,raise,933,933,1400,0,33204,1633,5443,none,1633,1,0
5ff29149,300,turn,raise,2177,2177,3266,0,32271,3810,5443,none,1633,1,0
5ff29149,375,preflop,fold,0,0,3400,1400,34837,100,9798,none,-100,0,0
60875d32,8,preflop,fold,0,0,700,300,9850,50,14612,none,-50,0,0
60875d32,29,preflop,raise,200,200,150,100,10600,200,5890,none,-200,0,0
60875d32,29,preflop,fold,0,0,1600,400,10400,200,5890,none,-200,0,0
60875d32,38,preflop,raise,200,150,150,50,11150,200,5072,none,-2536,0,1
60875d32,38,flop,raise,266,266,400,0,11000,466,5072,none,-2536,0,1
60875d32,38,turn,raise,621,621,932,0,10734,1087,5072,none,-2536,0,1
60875d32,38,river,raise,1449,1449,2174,0,10113,2536,5072,none,-2536,0,1
60875d32,142,preflop,fold,0,0,250,100,9905,0,6766,none,0,0,0
60875d32,176,preflop,fold,0,0,250,50,9655,50,6000,none,-50,0,0
60875d32,203,preflop,fold,0,0,150,100,9269,0,17820,none,0,0,0
60875d32,208,preflop,fold,0,0,450,300,9269,0,8900,none,0,0,0
60875d32,292,preflop,fold,0,0,350,200,9219,0,35551,none,0,0,0
60875d32,298,preflop,fold,0,0,150,100,9219,0,6323,none,0,0,0
60875d32,314,preflop,raise,200,200,150,100,9519,200,18356,preflop-raise,-8787,0,1
60875d32,314,preflop,call,8587,8587,9037,8587,9319,8787,18356,preflop-raise,-8787,0,1
60875d32,314,flop,all_in,732,732,17624,0,732,9519,18356,preflop-raise,-8787,0,1
60875d32,315,preflop,fold,0,0,6323,6073,632,100,6323,none,-100,0,0
60875d32,319,preflop,fold,0,0,6223,5973,882,100,6223,none,-100,0,0
60875d32,323,preflop,fold,0,0,6223,5973,732,100,6223,none,-100,0,0
60875d32,335,preflop,fold,0,0,14066,6883,532,100,23957,none,-100,0,0
60875d32,368,preflop,fold,0,0,23767,23337,1132,100,23767,none,-100,0,0
60875d32,419,preflop,fold,0,0,20992,20792,6012,100,20992,none,-100,0,0
60875d32,469,preflop,raise,200,200,150,100,7676,200,20842,none,-200,0,0
60875d32,469,preflop,fold,0,0,20842,20242,7476,200,20842,none,-200,0,0
60875d32,541,preflop,raise,200,200,150,100,9036,200,21227,none,-200,0,0
60875d32,541,preflop,fold,0,0,21227,20777,8836,200,21227,none,-200,0,0
60875d32,562,preflop,raise,200,200,150,100,10636,200,6930,none,-200,0,0
60875d32,562,preflop,fold,0,0,1400,400,10436,200,6930,none,-200,0,0
b03aa014,5,preflop,fold,0,0,750,600,9600,0,7950,none,0,0,0
b03aa014,12,preflop,raise,200,200,150,100,9150,200,22275,none,-200,0,0
b03aa014,12,preflop,fold,0,0,1300,700,8950,200,22275,none,-200,0,0
b03aa014,34,preflop,fold,0,0,400,250,9451,0,12207,none,0,0,0
b03aa014,75,preflop,raise,200,200,150,100,12704,200,15876,postflop-escalation,-7863,0,1
b03aa014,75,preflop,call,350,350,900,350,12504,550,15876,postflop-escalation,-7863,0,1
b03aa014,75,flop,raise,833,833,1250,0,12154,1383,15876,postflop-escalation,-7863,0,1
b03aa014,75,turn,raise,1944,1944,2916,0,11321,3327,15876,postflop-escalation,-7863,0,1
b03aa014,75,river,raise,4536,4536,6804,0,9377,7863,15876,postflop-escalation,-7863,0,1
b03aa014,87,preflop,raise,200,150,150,50,6541,200,5072,none,2536,1,1
b03aa014,87,flop,raise,266,266,400,0,6391,466,5072,none,2536,1,1
b03aa014,87,turn,raise,621,621,932,0,6125,1087,5072,none,2536,1,1
b03aa014,87,river,raise,1449,1449,2174,0,5504,2536,5072,none,2536,1,1
b03aa014,114,preflop,raise,200,200,150,100,7733,200,6346,postflop-escalation,-3123,0,1
b03aa014,114,flop,raise,333,333,500,0,7533,533,6346,postflop-escalation,-3123,0,1
b03aa014,114,turn,raise,777,777,1166,0,7200,1310,6346,postflop-escalation,-3123,0,1
b03aa014,114,river,raise,1813,1813,2720,0,6423,3123,6346,postflop-escalation,-3123,0,1
b03aa014,121,preflop,call,150,150,400,150,4960,250,6976,postflop-escalation,3513,1,1
b03aa014,121,flop,raise,366,366,550,0,4810,616,6976,postflop-escalation,3513,1,1
b03aa014,121,turn,raise,854,854,1282,0,4444,1470,6976,postflop-escalation,3513,1,1
b03aa014,121,river,raise,1993,1993,2990,0,3590,3463,6976,postflop-escalation,3513,1,1
b03aa014,140,preflop,raise,200,200,150,100,9473,200,6976,none,-3413,0,1
b03aa014,140,flop,raise,366,366,550,0,9273,566,6976,none,-3413,0,1
b03aa014,140,turn,raise,854,854,1282,0,8907,1420,6976,none,-3413,0,1
b03aa014,140,river,raise,1993,1993,2990,0,8053,3413,6976,none,-3413,0,1
b03aa014,150,preflop,raise,200,200,150,100,6160,200,8250,postflop-escalation,-4000,0,1
b03aa014,150,flop,raise,433,433,650,0,5960,633,8250,postflop-escalation,-4000,0,1
b03aa014,150,turn,raise,1010,1010,1516,0,5527,1643,8250,postflop-escalation,-4000,0,1
b03aa014,150,river,raise,2357,2357,3536,0,4517,4000,8250,postflop-escalation,-4000,0,1
c5899b02,40,preflop,raise,200,150,150,50,14262,200,7931,none,-2536,0,0
c5899b02,40,flop,raise,266,266,400,0,14112,466,7931,none,-2536,0,0
c5899b02,40,turn,raise,621,621,932,0,13846,1087,7931,none,-2536,0,0
c5899b02,40,river,raise,1449,1449,2174,0,13225,2536,7931,none,-2536,0,0
c5899b02,40,river,fold,0,0,7931,2859,11776,2536,7931,none,-2536,0,0
c5899b02,64,preflop,raise,200,150,150,50,17849,200,5072,none,2536,1,1
c5899b02,64,flop,raise,266,266,400,0,17699,466,5072,none,2536,1,1
c5899b02,64,turn,raise,621,621,932,0,17433,1087,5072,none,2536,1,1
c5899b02,64,river,raise,1449,1449,2174,0,16812,2536,5072,none,2536,1,1
c5899b02,139,preflop,raise,200,200,150,100,30605,200,6976,none,3563,1,1
c5899b02,139,flop,raise,366,366,550,0,30405,566,6976,none,3563,1,1
c5899b02,139,turn,raise,854,854,1282,0,30039,1420,6976,none,3563,1,1
c5899b02,139,river,raise,1993,1993,2990,0,29185,3413,6976,none,3563,1,1
d717930b,1,preflop,fold,0,0,1050,600,9900,100,10190,none,-100,0,0
d717930b,2,preflop,fold,0,0,950,650,9850,50,6510,none,-50,0,0
d717930b,3,preflop,fold,0,0,500,250,9850,0,5200,none,0,0,0
d717930b,6,preflop,fold,0,0,150,100,9850,0,5550,none,0,0,0
d717930b,7,preflop,fold,0,0,9358,9108,9750,100,9358,none,-100,0,0
d717930b,11,preflop,fold,0,0,150,100,9500,0,21208,none,0,0,0
d717930b,18,preflop,raise,200,200,150,100,8850,200,5716,none,2883,1,1
d717930b,18,flop,raise,300,300,450,0,8650,500,5716,none,2883,1,1
d717930b,18,turn,raise,700,700,1050,0,8350,1200,5716,none,2883,1,1
d717930b,18,river,raise,1633,1633,2450,0,7650,2833,5716,none,2883,1,1
d717930b,23,preflop,raise,200,200,150,100,11683,200,5716,none,2883,1,1
d717930b,23,flop,raise,300,300,450,0,11483,500,5716,none,2883,1,1
d717930b,23,turn,raise,700,700,1050,0,11183,1200,5716,none,2883,1,1
d717930b,23,river,raise,1633,1633,2450,0,10483,2833,5716,none,2883,1,1
d717930b,27,preflop,raise,200,150,250,50,14366,200,9800,none,-4600,0,1
d717930b,27,flop,raise,400,400,600,0,14216,600,9800,none,-4600,0,1
d717930b,27,turn,raise,1200,1200,1800,0,13816,1800,9800,none,-4600,0,1
d717930b,27,river,raise,2800,2800,4200,0,12616,4600,9800,none,-4600,0,1
d717930b,29,preflop,raise,200,200,250,100,9116,200,9372,postflop-escalation,5517,1,1
d717930b,29,flop,call,375,375,1125,375,8916,575,9372,postflop-escalation,5517,1,1
d717930b,29,turn,call,937,937,2812,937,8541,1512,9372,postflop-escalation,5517,1,1
d717930b,29,river,call,2343,2343,7029,2343,7604,3855,9372,postflop-escalation,5517,1,1
d717930b,35,preflop,raise,200,200,150,100,14333,200,5830,none,-1866,0,0
d717930b,35,flop,raise,500,500,750,0,14133,700,5830,none,-1866,0,0
d717930b,35,turn,raise,1166,1166,1750,0,13633,1866,5830,none,-1866,0,0
d717930b,35,turn,fold,0,0,5830,1748,12467,1866,5830,none,-1866,0,0
d717930b,40,preflop,raise,200,200,150,100,11451,200,6976,none,3563,1,1
d717930b,40,flop,raise,366,366,550,0,11251,566,6976,none,3563,1,1
d717930b,40,turn,raise,854,854,1282,0,10885,1420,6976,none,3563,1,1
d717930b,40,river,raise,1993,1993,2990,0,10031,3413,6976,none,3563,1,1
d717930b,63,preflop,raise,200,200,150,100,15256,200,6976,none,-3413,0,1
d717930b,63,flop,raise,366,366,550,0,15056,566,6976,none,-3413,0,1
d717930b,63,turn,raise,854,854,1282,0,14690,1420,6976,none,-3413,0,1
d717930b,63,river,raise,1993,1993,2990,0,13836,3413,6976,none,-3413,0,1
d717930b,67,preflop,raise,200,200,150,100,11493,200,6346,none,3223,1,1
d717930b,67,flop,raise,333,333,500,0,11293,533,6346,none,3223,1,1
d717930b,67,turn,raise,777,777,1166,0,10960,1310,6346,none,3223,1,1
d717930b,67,river,raise,1813,1813,2720,0,10183,3123,6346,none,3223,1,1
d717930b,71,preflop,raise,200,200,150,100,14366,200,6976,none,-3413,0,1
d717930b,71,flop,raise,366,366,550,0,14166,566,6976,none,-3413,0,1
d717930b,71,turn,raise,854,854,1282,0,13800,1420,6976,none,-3413,0,1
d717930b,71,river,raise,1993,1993,2990,0,12946,3413,6976,none,-3413,0,1
d717930b,74,preflop,raise,200,200,150,100,10853,200,5716,none,2883,1,1
d717930b,74,flop,raise,300,300,450,0,10653,500,5716,none,2883,1,1
d717930b,74,turn,raise,700,700,1050,0,10353,1200,5716,none,2883,1,1
d717930b,74,river,raise,1633,1633,2450,0,9653,2833,5716,none,2883,1,1
d717930b,85,preflop,raise,200,150,250,50,15186,200,8486,none,4094,1,1
d717930b,85,preflop,call,100,100,600,100,15036,300,8486,none,4094,1,1
d717930b,85,flop,raise,466,466,700,0,14936,766,8486,none,4094,1,1
d717930b,85,turn,raise,1088,1088,1632,0,14470,1854,8486,none,4094,1,1
d717930b,85,river,raise,2538,2538,3808,0,13382,4392,8486,none,4094,1,1
e2272b43,2,preflop,call,200,200,450,200,9205,300,14150,postflop-escalation,-4100,0,0
e2272b43,2,flop,raise,433,433,650,0,9005,733,14150,postflop-escalation,-4100,0,0
e2272b43,2,turn,raise,1010,1010,1516,0,8572,1743,14150,postflop-escalation,-4100,0,0
e2272b43,2,river,raise,2357,2357,3536,0,7562,4100,14150,postflop-escalation,-4100,0,0
e2272b43,2,river,fold,0,0,14150,5900,5205,4100,14150,postflop-escalation,-4100,0,0
e2272b43,5,preflop,raise,200,200,150,100,5155,200,26064,postflop-escalation,-2064,0,0
e2272b43,5,flop,raise,466,466,700,0,4955,666,26064,postflop-escalation,-2064,0,0
e2272b43,5,turn,raise,1398,1398,2098,0,4489,2064,26064,postflop-escalation,-2064,0,0
e2272b43,5,river,fold,0,0,18278,11986,3091,2064,26064,postflop-escalation,-2064,0,0
e2272b43,13,preflop,raise,200,200,150,100,5244,200,6976,postflop-escalation,3563,1,1
e2272b43,13,flop,raise,366,366,550,0,5044,566,6976,postflop-escalation,3563,1,1
e2272b43,13,turn,raise,854,854,1282,0,4678,1420,6976,postflop-escalation,3563,1,1
e2272b43,13,river,raise,1993,1993,2990,0,3824,3413,6976,postflop-escalation,3563,1,1
e2272b43,21,preflop,raise,200,150,150,50,8294,200,5072,none,-2536,0,1
e2272b43,21,flop,raise,266,266,400,0,8144,466,5072,none,-2536,0,1
e2272b43,21,turn,raise,621,621,932,0,7878,1087,5072,none,-2536,0,1
e2272b43,21,river,raise,1449,1449,2174,0,7257,2536,5072,none,-2536,0,1
e2272b43,27,preflop,raise,200,150,250,50,5908,200,5188,postflop-escalation,984,1,1
e2272b43,27,flop,raise,333,333,500,0,5758,533,5188,postflop-escalation,984,1,1
e2272b43,27,flop,call,351,351,1517,351,5425,884,5188,postflop-escalation,984,1,1
e2272b43,27,turn,raise,1245,1245,1868,0,5074,2129,5188,postflop-escalation,984,1,1
e2272b43,27,river,raise,2075,2075,3113,0,3829,4204,5188,postflop-escalation,984,1,1
e2272b43,56,preflop,call,8250,8250,8500,8250,9088,8350,17588,preflop-flat,-8350,0,1
e2272b43,56,flop,all_in,838,838,16750,0,838,9188,17588,preflop-flat,-8350,0,1
e2272b43,58,preflop,fold,0,0,10974,10824,938,0,10974,none,0,0,0
e2272b43,64,preflop,raise,200,200,150,100,1388,200,16850,none,-200,0,0
e2272b43,64,preflop,fold,0,0,16850,16400,1188,200,16850,none,-200,0,0
e2272b43,65,preflop,raise,200,200,150,100,1188,200,22535,postflop-escalation,-1188,0,1
e2272b43,65,flop,raise,433,433,650,0,988,633,22535,postflop-escalation,-1188,0,1
e2272b43,65,turn,all_in,555,555,1516,0,555,1188,22535,postflop-escalation,-1188,0,1
f5a45e55,2,preflop,raise,200,200,250,100,10000,200,6976,none,3563,1,1
f5a45e55,2,flop,raise,366,366,550,0,9800,566,6976,none,3563,1,1
f5a45e55,2,turn,raise,854,854,1282,0,9434,1420,6976,none,3563,1,1
f5a45e55,2,river,raise,1993,1993,2990,0,8580,3413,6976,none,3563,1,1
f5a45e55,13,preflop,fold,0,0,150,100,13613,0,12990,none,0,0,0
f5a45e55,17,preflop,fold,0,0,790,270,12476,50,15518,none,-50,0,0
f5a45e55,35,preflop,fold,0,0,250,50,12526,50,21804,none,-50,0,0
f5a45e55,47,preflop,raise,200,200,150,100,12976,200,12557,none,-3413,0,0
f5a45e55,47,flop,raise,366,366,550,0,12776,566,12557,none,-3413,0,0
f5a45e55,47,turn,raise,854,854,1282,0,12410,1420,12557,none,-3413,0,0
f5a45e55,47,river,raise,1993,1993,2990,0,11556,3413,12557,none,-3413,0,0
f5a45e55,47,river,fold,0,0,12557,5581,9563,3413,12557,none,-3413,0,0
f5a45e55,152,preflop,raise,200,200,150,100,12079,200,6976,none,-3413,0,1
f5a45e55,152,flop,raise,366,366,550,0,11879,566,6976,none,-3413,0,1
f5a45e55,152,turn,raise,854,854,1282,0,11513,1420,6976,none,-3413,0,1
f5a45e55,152,river,raise,1993,1993,2990,0,10659,3413,6976,none,-3413,0,1
f5a45e55,244,preflop,raise,200,150,250,50,11782,200,12012,none,-3123,0,0
f5a45e55,244,flop,raise,333,333,500,0,11632,533,12012,none,-3123,0,0
f5a45e55,244,turn,raise,777,777,1166,0,11299,1310,12012,none,-3123,0,0
f5a45e55,244,river,raise,1813,1813,2720,0,10522,3123,12012,none,-3123,0,0
f5a45e55,244,river,fold,0,0,12012,5666,8709,3123,12012,none,-3123,0,0
f5a45e55,247,preflop,raise,200,200,150,100,8509,200,12557,postflop-escalation,-3413,0,0
f5a45e55,247,flop,raise,366,366,550,0,8309,566,12557,postflop-escalation,-3413,0,0
f5a45e55,247,turn,raise,854,854,1282,0,7943,1420,12557,postflop-escalation,-3413,0,0
f5a45e55,247,river,raise,1993,1993,2990,0,7089,3413,12557,postflop-escalation,-3413,0,0
f5a45e55,247,river,fold,0,0,12557,5581,5096,3413,12557,postflop-escalation,-3413,0,0
f5a45e55,253,preflop,call,220,220,470,220,6406,320,6260,postflop-escalation,1903,1,0
f5a45e55,253,flop,raise,460,460,690,0,6186,780,6260,postflop-escalation,1903,1,0
f5a45e55,253,turn,raise,1073,1073,1610,0,5726,1853,6260,postflop-escalation,1903,1,0
f5a45e55,253,river,raise,2504,2504,3756,0,4653,4357,6260,postflop-escalation,1903,1,0
f5a45e55,278,preflop,raise,200,100,250,0,8609,200,5716,none,-2833,0,1
f5a45e55,278,flop,raise,300,300,450,0,8509,500,5716,none,-2833,0,1
f5a45e55,278,turn,raise,700,700,1050,0,8209,1200,5716,none,-2833,0,1
f5a45e55,278,river,raise,1633,1633,2450,0,7509,2833,5716,none,-2833,0,1
f5a45e55,287,preflop,fold,0,0,150,100,5896,0,5850,none,0,0,0
f5a45e55,300,preflop,raise,200,200,150,100,6079,200,42389,none,-475,0,0
f5a45e55,300,preflop,call,275,275,875,275,5879,475,42389,none,-475,0,0
f5a45e55,300,flop,fold,0,0,3151,1726,5604,475,42389,none,-475,0,0
f5a45e55,322,preflop,raise,200,200,150,100,5754,200,5670,none,-1500,0,0
f5a45e55,322,preflop,call,400,400,950,400,5554,600,5670,none,-1500,0,0
f5a45e55,322,flop,raise,900,900,1350,0,5154,1500,5670,none,-1500,0,0
f5a45e55,322,flop,fold,0,0,5670,2520,4254,1500,5670,none,-1500,0,0
f5a45e55,324,preflop,fold,0,0,250,50,4254,50,5807,none,-50,0,0
f5a45e55,336,preflop,raise,200,200,150,100,3904,200,5062,none,-200,0,0
f5a45e55,336,flop,fold,0,0,1000,500,3704,200,5062,none,-200,0,0
f5a45e55,407,preflop,fold,0,0,362,162,4708,50,5920,none,-50,0,0
f5a45e55,424,preflop,fold,0,0,600,150,6418,100,7769,none,-100,0,0
f5a45e55,460,preflop,fold,0,0,600,150,4818,100,8363,none,-100,0,0
f5a45e55,560,preflop,raise,200,150,150,50,3198,200,6496,postflop-escalation,3248,1,1
f5a45e55,560,preflop,call,300,300,700,300,3048,500,6496,postflop-escalation,3248,1,1
f5a45e55,560,flop,raise,666,666,1000,0,2748,1166,6496,postflop-escalation,3248,1,1
f5a45e55,560,turn,raise,1554,1554,2332,0,2082,2720,6496,postflop-escalation,3248,1,1
f5a45e55,560,river,all_in,528,528,5440,0,528,3248,6496,postflop-escalation,3248,1,1
f5a45e55,741,preflop,call,150,150,350,150,11843,250,11423,none,-3173,0,0
f5a45e55,741,flop,raise,333,333,500,0,11693,583,11423,none,-3173,0,0
f5a45e55,741,turn,raise,777,777,1166,0,11360,1360,11423,none,-3173,0,0
f5a45e55,741,river,raise,1813,1813,2720,0,10583,3173,11423,none,-3173,0,0
f5a45e55,741,river,fold,0,0,11423,5077,8770,3173,11423,none,-3173,0,0
