file,hand_num,thorp_cards,board,n_villains,villain_cards,commit_street,equity_at_commit,equity_river,invested,final_pot,delta,won,origin,commit_frac
0c18615c,81,Jh Js,8d Ah 2h 7c 3h,1,Ad Qc,river,0.0,0.0,7988,16205,-7988,0,postflop-escalation,0.567
0c18615c,252,Tc Jc,7h Ad 2s 4c 8d,1,As 8s,river,0.0,0.0,2536,5072,-2536,0,none,0.165
0c18615c,409,Td Jc,2c 3s 3d Kd 7d,1,5s 3c,river,0.0,0.0,2833,5716,-2833,0,none,0.144
0c18615c,424,Ks 9h,Kd 5h 8h 6d Qs,1,8s 8d,river,0.0,0.0,2833,5716,-2833,0,none,0.167
0c18615c,503,4s Qh,Jh 9c 5h 5s 9d,1,5c 7c,river,0.0,0.0,1267,2534,-1267,0,none,0.084
0c18615c,555,Ts 9c,7s 3c Ac 4c 2s,1,Jd Th,preflop,0.2623,0.0,10611,60000,-10611,0,preflop-flat,1.0
18fc0a11,22,Ac Jd,5h 8d 4c Qs 5c,1,9h Ah,river,1.0,1.0,3810,7620,3810,1,none,0.359
18fc0a11,76,5s Ts,8d 4s 2h 2d 3d,1,6c 5c,river,0.0,0.0,2536,5072,-2536,0,none,0.14
18fc0a11,79,Ah Qs,7d Qc Jd Ac 3h,1,6c 6h,river,1.0,1.0,1944,3938,1994,1,none,0.123
18fc0a11,88,Ks 5h,Jd Ad 8c 6c 6s,1,9s Kd,river,0.5,0.5,2536,5072,0,0,none,0.141
18fc0a11,97,9c Ah,Tc Kc 8h 4d Kd,1,3d Ad,river,1.0,1.0,2833,5716,2883,1,none,0.158
18fc0a11,127,Qc 2d,Kd Ts 7c 6h Ad,1,Js 7d,river,0.0,0.0,2833,5716,-2833,0,none,0.111
18fc0a11,128,Ad Qd,6d 5h 6c As 2h,1,Kh Qh,river,1.0,1.0,3810,7620,3810,1,none,0.168
18fc0a11,192,6h 5c,Qs 3h Jc 9s Ah,1,Kh 8c,river,0.0,0.0,2833,5716,-2833,0,none,0.114
18fc0a11,253,6h 8s,2s 7h Ks Ad 3h,1,Jc Td,river,0.0,0.0,2536,5072,-2536,0,none,0.132
18fc0a11,257,Ah Jc,9c 7d 3h 9d Kh,1,4h As,river,1.0,1.0,2833,5716,2883,1,none,0.165
18fc0a11,258,7s Tc,3h 8h 9s Ac Ks,1,Jh Td,river,0.0,0.0,2536,5072,-2536,0,none,0.127
18fc0a11,277,As 6d,Ts Kd 3s 8s Td,1,4d 4c,river,0.0,0.0,2833,5716,-2833,0,none,0.15
18fc0a11,282,Ks Qc,9c Ac 5d 8c 6s,1,Qd 8s,river,0.0,0.0,2833,5716,-2833,0,none,0.161
18fc0a11,297,3s Th,8s 2d Jc 6s 7h,1,Ac 4h,river,0.0,0.0,2833,5716,-2833,0,none,0.183
18fc0a11,327,8s 3d,4c Qc Ac 2h 8d,1,Ks 3s,river,1.0,1.0,2833,5716,2883,1,none,0.19
18fc0a11,347,6c As,Ad Td 4c 2c Qh,1,6d 6s,river,1.0,1.0,1055,1155,100,1,none,0.052
18fc0a11,349,7s Ts,Qd 9h Ah 4s 9d,1,8h Kh,river,0.0,0.0,2536,5072,-2536,0,none,0.124
18fc0a11,388,Qd Ad,3c 3d 7h 7c Qc,1,Ah Kh,river,1.0,1.0,3810,7620,3810,1,none,0.181
18fc0a11,425,4c 9d,6d 8s 7h Ts Tc,1,2c 8c,river,1.0,1.0,1468,1618,150,1,none,0.056
18fc0a11,450,5c Ks,9c 8c 6s As 6h,1,Jh Kc,river,0.0,0.0,1267,2534,-1267,0,none,0.046
18fc0a11,456,5s Th,Ad Qc 4d 4h 8c,1,Tc Kd,river,0.0,0.0,1267,2534,-1267,0,none,0.049
18fc0a11,512,3h Kd,3c 4h 7c 7h 6d,1,Kh Jd,river,1.0,1.0,1267,2534,1267,1,none,0.047
18fc0a11,554,2h 7h,Qd 5d 6d 4h 9s,1,5h Ah,river,0.0,0.0,1267,2534,-1267,0,none,0.044
18fc0a11,570,Kd Qs,Ac 3c 6s 7s 8h,1,4h 6h,river,0.0,0.0,1267,2534,-1267,0,none,0.044
18fc0a11,588,4c 5s,3h Tc 2h Qc 5h,1,Ac 6c,river,1.0,1.0,1267,2534,1267,1,none,0.047
18fc0a11,650,Qd Qh,Js 8c 3c Qs 9d,1,9c Ah,river,1.0,1.0,1267,2534,1267,1,none,0.042
18fc0a11,744,2h 7s,Kd Qs 9c Ks Jh,1,4s As,river,0.0,0.0,1267,2534,-1267,0,none,0.038
35272026,17,Jc Jd,8s 5d Js 8c 8h,1,Ad Qh,river,1.0,1.0,3760,7620,3860,1,none,0.378
35272026,42,Qh Ah,Kc As Ks Qd 8s,1,Ac 4c,river,0.5,0.5,5219,10788,175,1,none,0.33
35272026,48,Jh Jd,4d 4h 5d Kh Ac,1,Ad Tc,river,0.0,0.0,2008,4066,-2008,0,none,0.127
35272026,98,Jh Kc,Qc Td 6d 9d 3d,1,7c 7d,river,0.0,0.0,4292,8884,-4292,0,none,0.305
35272026,143,Ks Qs,9h 8s Kc Ah 7h,1,Ac Ad,preflop,0.1623,0.0,10162,19428,-8966,0,preflop-raise,1.0
35272026,189,6c 6h,8s Qh Qs Ac Jc,1,Ad 3s,preflop,0.7023,0.0,46,1215,-46,0,preflop-raise,1.0
3f055acd,25,7c 4c,2d Ad Ac Tc 5s,1,3s 3c,river,0.0,0.0,3413,6976,-3413,0,none,0.322
3f055acd,128,4c 4h,2h 7h 8s 8c 4d,1,2c Ac,river,1.0,1.0,2833,5716,2883,1,none,0.155
3f055acd,130,4c 8c,9h Qc Kh 8d 4s,1,Ad Qh,river,1.0,1.0,1261,2622,1361,1,none,0.06
3f055acd,170,Qh Ac,Qd Tc As 3h 8d,1,Qs Qc,river,0.0,0.0,13833,20333,-5650,0,postflop-escalation,0.53
3f055acd,215,Jh As,Ad 9h 4c 3d 3h,1,8d 6s,river,1.0,1.0,1311,1418,107,1,none,0.055
3f055acd,223,2s Kd,Kh Qs Tc Td Ah,1,Jh As,river,0.0,0.0,14101,25851,-11500,0,postflop-escalation,0.584
3f055acd,344,Kh As,2d Qs 7c 4h 7d,1,Kd Ah,preflop,0.4953,0.5,18085,23290,125,1,preflop-raise,1.0
55a52ba6,16,7d 2h,Ts Ad 3s As 9d,1,2d 2c,river,0.0,0.0,3123,6346,-3123,0,postflop-escalation,0.506
55a52ba6,43,Qd 2c,9h Qc Qs 6c 4s,1,7s 6s,river,1.0,1.0,2536,5072,2536,1,postflop-escalation,0.717
55a52ba6,51,3s 6h,Ac 9d Ad 5c 6s,1,8c Qd,river,1.0,1.0,4879,10158,5279,1,postflop-escalation,0.873
55a52ba6,111,4d Ac,8c Jd 2h Kh As,1,Qc Kc,river,1.0,1.0,3413,6976,3563,1,none,0.329
55a52ba6,145,As Tc,9d 8c 4h Js Kh,1,7c 7h,river,0.0,0.0,4637,9524,-4637,0,postflop-escalation,0.443
55a52ba6,149,Td 6h,Kh Ah 8s 9h Ac,1,6s 6c,river,0.0,0.0,3710,7620,-3710,0,postflop-escalation,0.652
55a52ba6,157,7h 9d,Tc Ks 6h 4s 6c,1,Kc Jd,river,0.0,0.0,2178,4356,-2178,0,postflop-escalation,1.0
5ff29149,43,Qs Ac,Jd 3d 5c 4d 8c,1,Qc 2c,preflop,0.728,1.0,8800,19879,9110,1,preflop-raise,1.0
5ff29149,46,4s 4d,2h Ah 6s Jc 7d,1,Qd Qc,river,0.0,0.0,965,1980,-965,0,none,0.053
5ff29149,49,7d 7h,7s Ah Th 4s 6d,1,Ad 3d,river,1.0,1.0,2536,5072,2536,1,none,0.149
5ff29149,100,Ad Ah,4d 3s Tc 7d Ts,1,Qs Qh,river,1.0,1.0,11438,22926,11488,1,postflop-escalation,0.546
5ff29149,120,Kh Ts,Jd Jc Qs Kd 6d,1,2c Ah,river,1.0,1.0,990,1008,18,1,none,0.03
5ff29149,694,8c Kc,5d As Qd 3d Qh,1,Ah 5h,river,0.0,0.0,1670,1876,188,1,none,0.032
5ff29149,696,7h Jc,Ks Ad 5s Td 2d,1,9d Js,preflop,0.3207,0.0,150,168,-18,0,none,0.003
5ff29149,697,Qh Tc,Kc Td 7d 4h 4c,1,Ac Ks,river,0.0,0.0,1780,2016,128,1,none,0.034
5ff29149,700,3h 7c,5s 8c Jd 2d 5d,1,4h Ac,river,0.0,0.0,1680,1888,184,1,none,0.032
5ff29149,705,3d Ts,6c Kc 4c 5s Th,1,Ad Kh,preflop,0.34,0.0,150,174,-24,0,none,0.003
5ff29149,706,Kd 3c,Kh Ac As 7c 8d,1,9d 2h,river,1.0,1.0,1823,2071,248,1,none,0.035
5ff29149,758,7c As,6s 8d Qd Th 9s,1,6h 9h,river,1.0,1.0,1267,2534,1267,1,none,0.023
60875d32,38,As Qd,Jd Kc Qh 7h 5c,1,Ks Th,river,0.0,0.0,2536,5072,-2536,0,none,0.226
60875d32,126,Kc Ks,7h Jd Qd 8h Kd,1,Th Tc,river,1.0,1.0,1775,3600,1825,1,none,0.224
60875d32,314,Ac Tc,4h Kc 9c 4d 6d,1,Ks Kd,preflop,0.3007,0.0,9519,18356,-8787,0,preflop-raise,1.0
b03aa014,75,Kd Ad,5d 2c 6s Js Th,1,Td Ts,river,0.0,0.0,7863,15876,-7863,0,postflop-escalation,0.619
b03aa014,87,Ac Ts,As Kc 4h Qh 9d,1,2d 2c,river,1.0,1.0,2536,5072,2536,1,none,0.385
b03aa014,95,6c 8s,Tc 3c 5c 6h 9d,1,Th Jd,river,0.0,0.0,1622,3294,-1622,0,none,0.174
b03aa014,98,3s 3d,Ts 9h 5c Qs Qc,1,Td 8d,river,0.0,0.0,2425,4900,-2425,0,none,0.321
b03aa014,114,2d 6h,7d Th Qd 5s 7h,1,8s As,river,0.0,0.0,3123,6346,-3123,0,postflop-escalation,0.404
b03aa014,121,Qh Ad,5d Kd 9d Qd Ah,1,Kc 4s,river,1.0,1.0,3463,6976,3513,1,postflop-escalation,0.684
b03aa014,140,9s 7h,8h 4c Qs 4s Jh,1,Ad 9h,river,0.0,0.0,3413,6976,-3413,0,none,0.36
b03aa014,150,2d Kd,Th 8d 9s As 5c,1,Kh Td,river,0.0,0.0,4000,8250,-4000,0,postflop-escalation,0.649
b03aa014,163,Qd 6c,Th 7d 4h 7c 5s,1,Ac 3c,river,0.0,0.0,2410,4870,-2410,0,postflop-escalation,1.0
c5899b02,64,9s 7d,Qs Js Ts 8d Jd,1,Jh Kh,river,1.0,1.0,2536,5072,2536,1,none,0.142
c5899b02,139,2h 8h,5d Th 3h 9d 8s,1,7s 7h,river,1.0,1.0,3413,6976,3563,1,none,0.112
c5899b02,196,9h 5d,Tc Ks Qs Jc 8s,1,Ts Ad,river,0.0,0.0,3123,4847,-1624,0,none,0.076
c5899b02,280,5s 2h,4h Js Qh 3d 7d,1,Ad Kd,preflop,0.3387,0.0,150,190,-40,0,none,0.003
c5899b02,281,Qc Ac,Kc 2h 8d 2d 5h,1,Jc Kd,river,0.0,0.0,4275,4821,-496,0,none,0.082
c5899b02,286,3h Kc,4d 4c 2h As 2c,1,4s 4h,preflop,0.2957,0.0,150,180,-30,0,none,0.003
c5899b02,292,3c Ad,8c 4s 5s Jd 7d,1,Qh Ac,preflop,0.2717,0.0,150,160,-10,0,none,0.003
c5899b02,293,8h 8c,5h 4c 5s 2d Kd,1,3h 9s,river,1.0,1.0,1360,1480,120,1,none,0.026
c5899b02,361,3h Ks,Ac 5h Qd Th Js,2,Ts Qs | 9d 9h,river,1.0,1.0,3523,4966,1443,1,none,0.061
c5899b02,372,5c Tc,Ts 6s 5s 2c Th,1,Js 3d,river,1.0,1.0,1105,1155,50,1,none,0.018
c5899b02,373,Kd As,5c Qd 2h Ks 8h,1,8c 7h,preflop,0.5987,1.0,50,100,50,1,none,0.001
d717930b,18,Ad Kc,Qd 6c Ks 5s Kh,1,Ah Ts,river,1.0,1.0,2833,5716,2883,1,none,0.32
d717930b,23,Ks Kc,4s 8c 7c Th Qh,1,3c 4d,river,1.0,1.0,2833,5716,2883,1,none,0.242
d717930b,27,8h 2h,Qh Qc 8d 6s 5h,1,Ah Qs,river,0.0,0.0,4600,9800,-4600,0,none,0.319
d717930b,29,Js 9s,Qs Jc 4s 2s Kh,1,Ts Th,river,1.0,1.0,3855,9372,5517,1,postflop-escalation,0.423
d717930b,40,Js Ah,2d 8s Jd 8c 9h,1,4c Ad,river,1.0,1.0,3413,6976,3563,1,none,0.298
d717930b,55,2d Js,7d 4d Ks 4c Jd,1,7s 5s,river,1.0,1.0,3361,4853,1492,1,none,0.233
d717930b,63,6c Ks,4h Jc Qh 4d 8c,1,Jd Ac,river,0.0,0.0,3413,6976,-3413,0,none,0.224
d717930b,67,As 3s,7s Th 9s 2s Kc,1,Tc Jc,river,1.0,1.0,3123,6346,3223,1,none,0.272
d717930b,71,5c 4h,5d 8c 3s 3d Ac,1,Td Ad,river,0.0,0.0,3413,6976,-3413,0,none,0.238
d717930b,74,As 5s,2c Kc 4h 3h 6h,1,2s 9c,river,1.0,1.0,2833,5716,2883,1,none,0.261
d717930b,85,Qc Ad,Qh 9d 7d Ah 8s,1,As 8c,river,1.0,1.0,4392,8486,4094,1,none,0.288
d717930b,86,3d 4c,Ts 4s Js Jd 4h,1,9c 9h,river,1.0,1.0,1600,3200,1600,1,none,0.083
e2272b43,13,5h 6h,Jd Td 7d Ac 6s,1,2h 2c,river,1.0,1.0,3413,6976,3563,1,postflop-escalation,0.651
e2272b43,14,5c Th,Qd Jc 6c Kd 3c,1,7c Qc,river,0.0,0.0,1364,1485,-71,0,none,0.155
e2272b43,15,Ac Qc,8h 4c Th Kc 3h,1,Ad Ts,river,0.0,0.0,1984,2276,-192,0,none,0.227
e2272b43,21,5h Kh,As Jh Ac Kc Qc,1,Th Ah,river,0.0,0.0,2536,5072,-2536,0,none,0.304
e2272b43,27,3s Jc,Qc Jh 2c Ac 8h,1,7s 7h,river,1.0,1.0,4204,5188,984,1,postflop-escalation,0.706
e2272b43,56,Jh Js,As Ad 2h 8d 8h,1,Ah Ks,preflop,0.592,0.0,9188,17588,-8350,0,preflop-flat,1.0
e2272b43,65,8d 3d,Qd Kd Td Qh Ah,1,Ts Th,turn,0.0,0.0,1188,22535,-1188,0,postflop-escalation,1.0
f5a45e55,2,8c Kc,8d 5d 6h 3h Qh,1,6d 9c,river,1.0,1.0,3413,6976,3563,1,none,0.341
f5a45e55,152,Ac Jc,5c 6s 4c Ah 4s,1,8s 7s,river,0.0,0.0,3413,6976,-3413,0,none,0.283
f5a45e55,278,Ac 8c,4d 8d Kd 9c 7d,1,2s 6d,river,0.0,0.0,2833,5716,-2833,0,none,0.325
f5a45e55,377,8h Qh,3c Th 8d 9s Qs,1,6d 7c,river,0.0,0.0,1468,1618,-100,0,none,0.223
f5a45e55,544,Ac Kh,2s Js Td 6d 3c,1,4c Ts,river,0.0,0.0,1033,1063,-30,0,none,0.309
f5a45e55,546,9s Ts,Jd 6c 3s 5c As,1,Td 3c,river,0.0,0.0,1140,1250,-60,0,none,0.335
f5a45e55,560,9s 9d,Jc Ad Jd 4h 6c,1,Qc Th,turn,0.7133,1.0,3248,6496,3248,1,postflop-escalation,1.0
f5a45e55,571,Jc Ad,Ah 5h 8d 4c 5d,1,Td 9c,river,1.0,1.0,996,1016,20,1,none,0.153
