opponent,seed,orientation,hand_num,hand_id,street,pressure_kind,pressure_bot,pressure_action,pressure_amount,pressure_pot_after,pressure_event_index,fold_event_index,fold_pot,hero_delta,hero_chip_loss,final_street,final_pot,showdown,community_cards,action_log
overfold_exploiter,2026060701,0,1,deployed_overfold_exploiter_s2026060701_o0_h0001,turn,turn_barrel,overfold_exploiter,raise,322,770,11,12,770,-224,224,turn,770,False,3c 4d 2s 3d,"[{""action"": ""small_blind"", ""amount"": 50, ""seat"": 1}, {""action"": ""big_blind"", ""amount"": 100, ""seat"": 0}, {""action"": ""call"", ""amount"": 50, ""seat"": 1}, {""action"": ""check"", ""amount"": 0, ""seat"": 0}, {""action"": ""check"", ""amount"": 0, ""seat"": 0}, {""action"": ""raise"", ""amount"": 124, ""seat"": 1}, {""action"": ""call"", ""amount"": 124, ""seat"": 0}, {""action"": ""check"", ""amount"": 0, ""seat"": 0}, {""action"": ""raise"", ""amount"": 322, ""seat"": 1}, {""action"": ""fold"", ""amount"": 0, ""seat"": 0}]"
overfold_exploiter,2026060701,0,13,deployed_overfold_exploiter_s2026060701_o0_h0013,flop,flop_cbet_or_probe,overfold_exploiter,raise,124,324,7,8,324,-100,100,flop,324,False,7s Kh Ts,"[{""action"": ""small_blind"", ""amount"": 50, ""seat"": 1}, {""action"": ""big_blind"", ""amount"": 100, ""seat"": 0}, {""action"": ""call"", ""amount"": 50, ""seat"": 1}, {""action"": ""check"", ""amount"": 0, ""seat"": 0}, {""action"": ""check"", ""amount"": 0, ""seat"": 0}, {""action"": ""raise"", ""amount"": 124, ""seat"": 1}, {""action"": ""fold"", ""amount"": 0, ""seat"": 0}]"
overfold_exploiter,2026060701,0,17,deployed_overfold_exploiter_s2026060701_o0_h0017,flop,flop_cbet_or_probe,overfold_exploiter,raise,124,324,7,8,324,-100,100,flop,324,False,As Jh 7h,"[{""action"": ""small_blind"", ""amount"": 50, ""seat"": 1}, {""action"": ""big_blind"", ""amount"": 100, ""seat"": 0}, {""action"": ""call"", ""amount"": 50, ""seat"": 1}, {""action"": ""check"", ""amount"": 0, ""seat"": 0}, {""action"": ""check"", ""amount"": 0, ""seat"": 0}, {""action"": ""raise"", ""amount"": 124, ""seat"": 1}, {""action"": ""fold"", ""amount"": 0, ""seat"": 0}]"
overfold_exploiter,2026060701,0,23,deployed_overfold_exploiter_s2026060701_o0_h0023,flop,flop_cbet_or_probe,overfold_exploiter,raise,124,324,7,8,324,-100,100,flop,324,False,5h 9d 6h,"[{""action"": ""small_blind"", ""amount"": 50, ""seat"": 1}, {""action"": ""big_blind"", ""amount"": 100, ""seat"": 0}, {""action"": ""call"", ""amount"": 50, ""seat"": 1}, {""action"": ""check"", ""amount"": 0, ""seat"": 0}, {""action"": ""check"", ""amount"": 0, ""seat"": 0}, {""action"": ""raise"", ""amount"": 124, ""seat"": 1}, {""action"": ""fold"", ""amount"": 0, ""seat"": 0}]"
overfold_exploiter,2026060701,0,25,deployed_overfold_exploiter_s2026060701_o0_h0025,flop,flop_cbet_or_probe,overfold_exploiter,raise,124,324,7,8,324,-100,100,flop,324,False,5h 4h As,"[{""action"": ""small_blind"", ""amount"": 50, ""seat"": 1}, {""action"": ""big_blind"", ""amount"": 100, ""seat"": 0}, {""action"": ""call"", ""amount"": 50, ""seat"": 1}, {""action"": ""check"", ""amount"": 0, ""seat"": 0}, {""action"": ""check"", ""amount"": 0, ""seat"": 0}, {""action"": ""raise"", ""amount"": 124, ""seat"": 1}, {""action"": ""fold"", ""amount"": 0, ""seat"": 0}]"
overfold_exploiter,2026060701,0,43,deployed_overfold_exploiter_s2026060701_o0_h0043,flop,flop_cbet_or_probe,overfold_exploiter,raise,124,324,7,8,324,-100,100,flop,324,False,Kc 3c Ah,"[{""action"": ""small_blind"", ""amount"": 50, ""seat"": 1}, {""action"": ""big_blind"", ""amount"": 100, ""seat"": 0}, {""action"": ""call"", ""amount"": 50, ""seat"": 1}, {""action"": ""check"", ""amount"": 0, ""seat"": 0}, {""action"": ""check"", ""amount"": 0, ""seat"": 0}, {""action"": ""raise"", ""amount"": 124, ""seat"": 1}, {""action"": ""fold"", ""amount"": 0, ""seat"": 0}]"
overfold_exploiter,2026060701,0,51,deployed_overfold_exploiter_s2026060701_o0_h0051,flop,flop_cbet_or_probe,overfold_exploiter,raise,124,324,7,8,324,-100,100,flop,324,False,Kd As Ah,"[{""action"": ""small_blind"", ""amount"": 50, ""seat"": 1}, {""action"": ""big_blind"", ""amount"": 100, ""seat"": 0}, {""action"": ""call"", ""amount"": 50, ""seat"": 1}, {""action"": ""check"", ""amount"": 0, ""seat"": 0}, {""action"": ""check"", ""amount"": 0, ""seat"": 0}, {""action"": ""raise"", ""amount"": 124, ""seat"": 1}, {""action"": ""fold"", ""amount"": 0, ""seat"": 0}]"
overfold_exploiter,2026060701,0,71,deployed_overfold_exploiter_s2026060701_o0_h0071,flop,flop_cbet_or_probe,overfold_exploiter,raise,124,324,7,8,324,-100,100,flop,324,False,Tc 5d 4h,"[{""action"": ""small_blind"", ""amount"": 50, ""seat"": 1}, {""action"": ""big_blind"", ""amount"": 100, ""seat"": 0}, {""action"": ""call"", ""amount"": 50, ""seat"": 1}, {""action"": ""check"", ""amount"": 0, ""seat"": 0}, {""action"": ""check"", ""amount"": 0, ""seat"": 0}, {""action"": ""raise"", ""amount"": 124, ""seat"": 1}, {""action"": ""fold"", ""amount"": 0, ""seat"": 0}]"
overfold_exploiter,2026060701,0,75,deployed_overfold_exploiter_s2026060701_o0_h0075,flop,flop_cbet_or_probe,overfold_exploiter,raise,124,324,7,8,324,-100,100,flop,324,False,4s 9s Kd,"[{""action"": ""small_blind"", ""amount"": 50, ""seat"": 1}, {""action"": ""big_blind"", ""amount"": 100, ""seat"": 0}, {""action"": ""call"", ""amount"": 50, ""seat"": 1}, {""action"": ""check"", ""amount"": 0, ""seat"": 0}, {""action"": ""check"", ""amount"": 0, ""seat"": 0}, {""action"": ""raise"", ""amount"": 124, ""seat"": 1}, {""action"": ""fold"", ""amount"": 0, ""seat"": 0}]"
overfold_exploiter,2026060701,0,87,deployed_overfold_exploiter_s2026060701_o0_h0087,flop,flop_cbet_or_probe,overfold_exploiter,raise,124,324,7,8,324,-100,100,flop,324,False,Js 8h Jc,"[{""action"": ""small_blind"", ""amount"": 50, ""seat"": 1}, {""action"": ""big_blind"", ""amount"": 100, ""seat"": 0}, {""action"": ""call"", ""amount"": 50, ""seat"": 1}, {""action"": ""check"", ""amount"": 0, ""seat"": 0}, {""action"": ""check"", ""amount"": 0, ""seat"": 0}, {""action"": ""raise"", ""amount"": 124, ""seat"": 1}, {""action"": ""fold"", ""amount"": 0, ""seat"": 0}]"
overfold_exploiter,2026060701,0,89,deployed_overfold_exploiter_s2026060701_o0_h0089,flop,flop_cbet_or_probe,overfold_exploiter,raise,124,324,7,8,324,-100,100,flop,324,False,9s 9h 7s,"[{""action"": ""small_blind"", ""amount"": 50, ""seat"": 1}, {""action"": ""big_blind"", ""amount"": 100, ""seat"": 0}, {""action"": ""call"", ""amount"": 50, ""seat"": 1}, {""action"": ""check"", ""amount"": 0, ""seat"": 0}, {""action"": ""check"", ""amount"": 0, ""seat"": 0}, {""action"": ""raise"", ""amount"": 124, ""seat"": 1}, {""action"": ""fold"", ""amount"": 0, ""seat"": 0}]"
overfold_exploiter,2026060701,0,95,deployed_overfold_exploiter_s2026060701_o0_h0095,flop,flop_cbet_or_probe,overfold_exploiter,raise,124,324,7,8,324,-100,100,flop,324,False,2d 6c 5d,"[{""action"": ""small_blind"", ""amount"": 50, ""seat"": 1}, {""action"": ""big_blind"", ""amount"": 100, ""seat"": 0}, {""action"": ""call"", ""amount"": 50, ""seat"": 1}, {""action"": ""check"", ""amount"": 0, ""seat"": 0}, {""action"": ""check"", ""amount"": 0, ""seat"": 0}, {""action"": ""raise"", ""amount"": 124, ""seat"": 1}, {""action"": ""fold"", ""amount"": 0, ""seat"": 0}]"
overfold_exploiter,2026060701,1,4,deployed_overfold_exploiter_s2026060701_o1_h0004,flop,flop_cbet_or_probe,overfold_exploiter,raise,124,324,7,8,324,-100,100,flop,324,False,3s 9h 4h,"[{""action"": ""small_blind"", ""amount"": 50, ""seat"": 0}, {""action"": ""big_blind"", ""amount"": 100, ""seat"": 1}, {""action"": ""call"", ""amount"": 50, ""seat"": 0}, {""action"": ""check"", ""amount"": 0, ""seat"": 1}, {""action"": ""check"", ""amount"": 0, ""seat"": 1}, {""action"": ""raise"", ""amount"": 124, ""seat"": 0}, {""action"": ""fold"", ""amount"": 0, ""seat"": 1}]"
overfold_exploiter,2026060701,1,28,deployed_overfold_exploiter_s2026060701_o1_h0028,flop,flop_cbet_or_probe,overfold_exploiter,raise,124,324,7,8,324,-100,100,flop,324,False,7c 4d Th,"[{""action"": ""small_blind"", ""amount"": 50, ""seat"": 0}, {""action"": ""big_blind"", ""amount"": 100, ""seat"": 1}, {""action"": ""call"", ""amount"": 50, ""seat"": 0}, {""action"": ""check"", ""amount"": 0, ""seat"": 1}, {""action"": ""check"", ""amount"": 0, ""seat"": 1}, {""action"": ""raise"", ""amount"": 124, ""seat"": 0}, {""action"": ""fold"", ""amount"": 0, ""seat"": 1}]"
overfold_exploiter,2026060701,1,68,deployed_overfold_exploiter_s2026060701_o1_h0068,flop,flop_cbet_or_probe,overfold_exploiter,raise,124,324,7,8,324,-100,100,flop,324,False,Ks 4c Tc,"[{""action"": ""small_blind"", ""amount"": 50, ""seat"": 0}, {""action"": ""big_blind"", ""amount"": 100, ""seat"": 1}, {""action"": ""call"", ""amount"": 50, ""seat"": 0}, {""action"": ""check"", ""amount"": 0, ""seat"": 1}, {""action"": ""check"", ""amount"": 0, ""seat"": 1}, {""action"": ""raise"", ""amount"": 124, ""seat"": 0}, {""action"": ""fold"", ""amount"": 0, ""seat"": 1}]"
overfold_exploiter,2026060701,1,86,deployed_overfold_exploiter_s2026060701_o1_h0086,flop,flop_cbet_or_probe,overfold_exploiter,raise,620,1620,8,9,1620,-500,500,flop,1620,False,Ts 6s Js,"[{""action"": ""small_blind"", ""amount"": 50, ""seat"": 0}, {""action"": ""big_blind"", ""amount"": 100, ""seat"": 1}, {""action"": ""call"", ""amount"": 50, ""seat"": 0}, {""action"": ""raise"", ""amount"": 500, ""seat"": 1}, {""action"": ""call"", ""amount"": 400, ""seat"": 0}, {""action"": ""check"", ""amount"": 0, ""seat"": 1}, {""action"": ""raise"", ""amount"": 620, ""seat"": 0}, {""action"": ""fold"", ""amount"": 0, ""seat"": 1}]"
overfold_exploiter,2026060701,1,88,deployed_overfold_exploiter_s2026060701_o1_h0088,turn,turn_barrel,overfold_exploiter,raise,322,770,11,12,770,-224,224,turn,770,False,4s 7h Qs 7d,"[{""action"": ""small_blind"", ""amount"": 50, ""seat"": 0}, {""action"": ""big_blind"", ""amount"": 100, ""seat"": 1}, {""action"": ""call"", ""amount"": 50, ""seat"": 0}, {""action"": ""check"", ""amount"": 0, ""seat"": 1}, {""action"": ""check"", ""amount"": 0, ""seat"": 1}, {""action"": ""raise"", ""amount"": 124, ""seat"": 0}, {""action"": ""call"", ""amount"": 124, ""seat"": 1}, {""action"": ""check"", ""amount"": 0, ""seat"": 1}, {""action"": ""raise"", ""amount"": 322, ""seat"": 0}, {""action"": ""fold"", ""amount"": 0, ""seat"": 1}]"
overfold_exploiter,2026060702,0,9,deployed_overfold_exploiter_s2026060702_o0_h0009,flop,flop_cbet_or_probe,overfold_exploiter,raise,124,324,7,8,324,-100,100,flop,324,False,7h Kd Qd,"[{""action"": ""small_blind"", ""amount"": 50, ""seat"": 1}, {""action"": ""big_blind"", ""amount"": 100, ""seat"": 0}, {""action"": ""call"", ""amount"": 50, ""seat"": 1}, {""action"": ""check"", ""amount"": 0, ""seat"": 0}, {""action"": ""check"", ""amount"": 0, ""seat"": 0}, {""action"": ""raise"", ""amount"": 124, ""seat"": 1}, {""action"": ""fold"", ""amount"": 0, ""seat"": 0}]"
overfold_exploiter,2026060702,0,19,deployed_overfold_exploiter_s2026060702_o0_h0019,flop,flop_cbet_or_probe,overfold_exploiter,raise,124,324,7,8,324,-100,100,flop,324,False,Js 9h 6s,"[{""action"": ""small_blind"", ""amount"": 50, ""seat"": 1}, {""action"": ""big_blind"", ""amount"": 100, ""seat"": 0}, {""action"": ""call"", ""amount"": 50, ""seat"": 1}, {""action"": ""check"", ""amount"": 0, ""seat"": 0}, {""action"": ""check"", ""amount"": 0, ""seat"": 0}, {""action"": ""raise"", ""amount"": 124, ""seat"": 1}, {""action"": ""fold"", ""amount"": 0, ""seat"": 0}]"
overfold_exploiter,2026060702,0,43,deployed_overfold_exploiter_s2026060702_o0_h0043,flop,flop_cbet_or_probe,overfold_exploiter,raise,124,324,7,8,324,-100,100,flop,324,False,3d Kc 5s,"[{""action"": ""small_blind"", ""amount"": 50, ""seat"": 1}, {""action"": ""big_blind"", ""amount"": 100, ""seat"": 0}, {""action"": ""call"", ""amount"": 50, ""seat"": 1}, {""action"": ""check"", ""amount"": 0, ""seat"": 0}, {""action"": ""check"", ""amount"": 0, ""seat"": 0}, {""action"": ""raise"", ""amount"": 124, ""seat"": 1}, {""action"": ""fold"", ""amount"": 0, ""seat"": 0}]"
overfold_exploiter,2026060702,0,53,deployed_overfold_exploiter_s2026060702_o0_h0053,flop,flop_cbet_or_probe,overfold_exploiter,raise,124,324,7,8,324,-100,100,flop,324,False,2s Qs 2d,"[{""action"": ""small_blind"", ""amount"": 50, ""seat"": 1}, {""action"": ""big_blind"", ""amount"": 100, ""seat"": 0}, {""action"": ""call"", ""amount"": 50, ""seat"": 1}, {""action"": ""check"", ""amount"": 0, ""seat"": 0}, {""action"": ""check"", ""amount"": 0, ""seat"": 0}, {""action"": ""raise"", ""amount"": 124, ""seat"": 1}, {""action"": ""fold"", ""amount"": 0, ""seat"": 0}]"
overfold_exploiter,2026060702,0,59,deployed_overfold_exploiter_s2026060702_o0_h0059,flop,flop_cbet_or_probe,overfold_exploiter,raise,124,324,7,8,324,-100,100,flop,324,False,4h 9s 4c,"[{""action"": ""small_blind"", ""amount"": 50, ""seat"": 1}, {""action"": ""big_blind"", ""amount"": 100, ""seat"": 0}, {""action"": ""call"", ""amount"": 50, ""seat"": 1}, {""action"": ""check"", ""amount"": 0, ""seat"": 0}, {""action"": ""check"", ""amount"": 0, ""seat"": 0}, {""action"": ""raise"", ""amount"": 124, ""seat"": 1}, {""action"": ""fold"", ""amount"": 0, ""seat"": 0}]"
overfold_exploiter,2026060702,0,67,deployed_overfold_exploiter_s2026060702_o0_h0067,flop,flop_cbet_or_probe,overfold_exploiter,raise,124,324,7,8,324,-100,100,flop,324,False,3h Ts 2h,"[{""action"": ""small_blind"", ""amount"": 50, ""seat"": 1}, {""action"": ""big_blind"", ""amount"": 100, ""seat"": 0}, {""action"": ""call"", ""amount"": 50, ""seat"": 1}, {""action"": ""check"", ""amount"": 0, ""seat"": 0}, {""action"": ""check"", ""amount"": 0, ""seat"": 0}, {""action"": ""raise"", ""amount"": 124, ""seat"": 1}, {""action"": ""fold"", ""amount"": 0, ""seat"": 0}]"
overfold_exploiter,2026060702,0,77,deployed_overfold_exploiter_s2026060702_o0_h0077,flop,flop_cbet_or_probe,overfold_exploiter,raise,124,324,7,8,324,-100,100,flop,324,False,8c Kc 4c,"[{""action"": ""small_blind"", ""amount"": 50, ""seat"": 1}, {""action"": ""big_blind"", ""amount"": 100, ""seat"": 0}, {""action"": ""call"", ""amount"": 50, ""seat"": 1}, {""action"": ""check"", ""amount"": 0, ""seat"": 0}, {""action"": ""check"", ""amount"": 0, ""seat"": 0}, {""action"": ""raise"", ""amount"": 124, ""seat"": 1}, {""action"": ""fold"", ""amount"": 0, ""seat"": 0}]"
overfold_exploiter,2026060702,0,97,deployed_overfold_exploiter_s2026060702_o0_h0097,turn,turn_barrel,overfold_exploiter,raise,322,770,11,12,770,-224,224,turn,770,False,6d 2s 8d 2h,"[{""action"": ""small_blind"", ""amount"": 50, ""seat"": 1}, {""action"": ""big_blind"", ""amount"": 100, ""seat"": 0}, {""action"": ""call"", ""amount"": 50, ""seat"": 1}, {""action"": ""check"", ""amount"": 0, ""seat"": 0}, {""action"": ""check"", ""amount"": 0, ""seat"": 0}, {""action"": ""raise"", ""amount"": 124, ""seat"": 1}, {""action"": ""call"", ""amount"": 124, ""seat"": 0}, {""action"": ""check"", ""amount"": 0, ""seat"": 0}, {""action"": ""raise"", ""amount"": 322, ""seat"": 1}, {""action"": ""fold"", ""amount"": 0, ""seat"": 0}]"
overfold_exploiter,2026060702,0,99,deployed_overfold_exploiter_s2026060702_o0_h0099,flop,flop_cbet_or_probe,overfold_exploiter,raise,124,324,7,8,324,-100,100,flop,324,False,8s 9h 2d,"[{""action"": ""small_blind"", ""amount"": 50, ""seat"": 1}, {""action"": ""big_blind"", ""amount"": 100, ""seat"": 0}, {""action"": ""call"", ""amount"": 50, ""seat"": 1}, {""action"": ""check"", ""amount"": 0, ""seat"": 0}, {""action"": ""check"", ""amount"": 0, ""seat"": 0}, {""action"": ""raise"", ""amount"": 124, ""seat"": 1}, {""action"": ""fold"", ""amount"": 0, ""seat"": 0}]"
overfold_exploiter,2026060702,1,16,deployed_overfold_exploiter_s2026060702_o1_h0016,flop,flop_cbet_or_probe,overfold_exploiter,raise,124,324,7,8,324,-100,100,flop,324,False,4d Kh Kc,"[{""action"": ""small_blind"", ""amount"": 50, ""seat"": 0}, {""action"": ""big_blind"", ""amount"": 100, ""seat"": 1}, {""action"": ""call"", ""amount"": 50, ""seat"": 0}, {""action"": ""check"", ""amount"": 0, ""seat"": 1}, {""action"": ""check"", ""amount"": 0, ""seat"": 1}, {""action"": ""raise"", ""amount"": 124, ""seat"": 0}, {""action"": ""fold"", ""amount"": 0, ""seat"": 1}]"
overfold_exploiter,2026060702,1,22,deployed_overfold_exploiter_s2026060702_o1_h0022,flop,flop_cbet_or_probe,overfold_exploiter,raise,124,324,7,8,324,-100,100,flop,324,False,4d Kd 7h,"[{""action"": ""small_blind"", ""amount"": 50, ""seat"": 0}, {""action"": ""big_blind"", ""amount"": 100, ""seat"": 1}, {""action"": ""call"", ""amount"": 50, ""seat"": 0}, {""action"": ""check"", ""amount"": 0, ""seat"": 1}, {""action"": ""check"", ""amount"": 0, ""seat"": 1}, {""action"": ""raise"", ""amount"": 124, ""seat"": 0}, {""action"": ""fold"", ""amount"": 0, ""seat"": 1}]"
overfold_exploiter,2026060702,1,36,deployed_overfold_exploiter_s2026060702_o1_h0036,turn,turn_barrel,overfold_exploiter,raise,322,770,11,12,770,-224,224,turn,770,False,Qd 2c 9c Jc,"[{""action"": ""small_blind"", ""amount"": 50, ""seat"": 0}, {""action"": ""big_blind"", ""amount"": 100, ""seat"": 1}, {""action"": ""call"", ""amount"": 50, ""seat"": 0}, {""action"": ""check"", ""amount"": 0, ""seat"": 1}, {""action"": ""check"", ""amount"": 0, ""seat"": 1}, {""action"": ""raise"", ""amount"": 124, ""seat"": 0}, {""action"": ""call"", ""amount"": 124, ""seat"": 1}, {""action"": ""check"", ""amount"": 0, ""seat"": 1}, {""action"": ""raise"", ""amount"": 322, ""seat"": 0}, {""action"": ""fold"", ""amount"": 0, ""seat"": 1}]"
overfold_exploiter,2026060702,1,40,deployed_overfold_exploiter_s2026060702_o1_h0040,flop,flop_cbet_or_probe,overfold_exploiter,raise,124,324,7,8,324,-100,100,flop,324,False,3d Js 7d,"[{""action"": ""small_blind"", ""amount"": 50, ""seat"": 0}, {""action"": ""big_blind"", ""amount"": 100, ""seat"": 1}, {""action"": ""call"", ""amount"": 50, ""seat"": 0}, {""action"": ""check"", ""amount"": 0, ""seat"": 1}, {""action"": ""check"", ""amount"": 0, ""seat"": 1}, {""action"": ""raise"", ""amount"": 124, ""seat"": 0}, {""action"": ""fold"", ""amount"": 0, ""seat"": 1}]"
overfold_exploiter,2026060702,1,48,deployed_overfold_exploiter_s2026060702_o1_h0048,flop,flop_cbet_or_probe,overfold_exploiter,raise,124,324,7,8,324,-100,100,flop,324,False,Ts 5h 4c,"[{""action"": ""small_blind"", ""amount"": 50, ""seat"": 0}, {""action"": ""big_blind"", ""amount"": 100, ""seat"": 1}, {""action"": ""call"", ""amount"": 50, ""seat"": 0}, {""action"": ""check"", ""amount"": 0, ""seat"": 1}, {""action"": ""check"", ""amount"": 0, ""seat"": 1}, {""action"": ""raise"", ""amount"": 124, ""seat"": 0}, {""action"": ""fold"", ""amount"": 0, ""seat"": 1}]"
overfold_exploiter,2026060702,1,52,deployed_overfold_exploiter_s2026060702_o1_h0052,flop,flop_cbet_or_probe,overfold_exploiter,raise,124,324,7,8,324,-100,100,flop,324,False,7d Qs Js,"[{""action"": ""small_blind"", ""amount"": 50, ""seat"": 0}, {""action"": ""big_blind"", ""amount"": 100, ""seat"": 1}, {""action"": ""call"", ""amount"": 50, ""seat"": 0}, {""action"": ""check"", ""amount"": 0, ""seat"": 1}, {""action"": ""check"", ""amount"": 0, ""seat"": 1}, {""action"": ""raise"", ""amount"": 124, ""seat"": 0}, {""action"": ""fold"", ""amount"": 0, ""seat"": 1}]"
overfold_exploiter,2026060702,1,80,deployed_overfold_exploiter_s2026060702_o1_h0080,flop,flop_cbet_or_probe,overfold_exploiter,raise,124,324,7,8,324,-100,100,flop,324,False,Ad 9c 5c,"[{""action"": ""small_blind"", ""amount"": 50, ""seat"": 0}, {""action"": ""big_blind"", ""amount"": 100, ""seat"": 1}, {""action"": ""call"", ""amount"": 50, ""seat"": 0}, {""action"": ""check"", ""amount"": 0, ""seat"": 1}, {""action"": ""check"", ""amount"": 0, ""seat"": 1}, {""action"": ""raise"", ""amount"": 124, ""seat"": 0}, {""action"": ""fold"", ""amount"": 0, ""seat"": 1}]"
